0.0,0.03900003433227539,0.03900003433227539
0.0010001659393310547,0.03900003433227539,0.037999868392944336
0.004000186920166016,0.03900003433227539,0.034999847412109375
0.006999969482421875,0.0410001277923584,0.03400015830993652
0.05000019073486328,0.08300018310546875,0.03299999237060547
0.051000118255615234,0.08300018310546875,0.032000064849853516
0.05500006675720215,0.08300018310546875,0.0280001163482666
0.05800008773803711,0.08300018310546875,0.02500009536743164
0.0989999771118164,0.11400008201599121,0.015000104904174805
0.10100007057189941,0.11400008201599121,0.013000011444091797
0.10500001907348633,0.12900018692016602,0.024000167846679688
0.10800004005432129,0.13000011444091797,0.02200007438659668
0.15000009536743164,0.18000006675720215,0.029999971389770508
0.1510000228881836,0.1790001392364502,0.0280001163482666
0.1549999713897705,0.1790001392364502,0.024000167846679688
0.15799999237060547,0.18200016021728516,0.024000167846679688
0.19900012016296387,0.23000001907348633,0.03099989891052246
0.20000004768371582,0.23000001907348633,0.029999971389770508
0.20399999618530273,0.23000001907348633,0.026000022888183594
0.2070000171661377,0.23100018501281738,0.024000167846679688
0.25,0.2710001468658447,0.021000146865844727
0.25,0.2740001678466797,0.024000167846679688
0.254000186920166,0.2740001678466797,0.019999980926513672
0.25800013542175293,0.2970001697540283,0.03900003433227539
0.2990000247955322,0.3190000057220459,0.019999980926513672
0.30100011825561523,0.3190000057220459,0.017999887466430664
0.3040001392364502,0.32000017166137695,0.016000032424926758
0.30700016021728516,0.32000017166137695,0.013000011444091797
0.35000014305114746,0.3730001449584961,0.023000001907348633
0.3510000705718994,0.375,0.023999929428100586
0.3540000915527344,0.3730001449584961,0.01900005340576172
0.35700011253356934,0.375,0.017999887466430664
0.40000009536743164,0.4309999942779541,0.03099989891052246
0.4010000228881836,0.4309999942779541,0.029999971389770508
0.4049999713897705,0.43400001525878906,0.029000043869018555
0.40799999237060547,0.4480001926422119,0.040000200271606445
0.44900012016296387,0.47300004959106445,0.023999929428100586
0.4509999752044678,0.47300004959106445,0.02200007438659668
0.45399999618530273,0.4790000915527344,0.02500009536743164
0.45800018310546875,0.47300004959106445,0.014999866485595703
0.49900007247924805,0.5220000743865967,0.023000001907348633
0.501000165939331,0.5220000743865967,0.020999908447265625
0.505000114440918,0.5210001468658447,0.016000032424926758
0.5069999694824219,0.5410001277923584,0.03400015830993652
0.5500001907348633,0.5740001201629639,0.023999929428100586
0.5510001182556152,0.5740001201629639,0.023000001907348633
0.5540001392364502,0.5740001201629639,0.019999980926513672
0.5580000877380371,0.5759999752044678,0.017999887466430664
0.5989999771118164,0.621999979019165,0.023000001907348633
0.6010000705718994,0.621999979019165,0.020999908447265625
0.6040000915527344,0.621999979019165,0.017999887466430664
0.6070001125335693,0.6340000629425049,0.026999950408935547
0.6490001678466797,0.6760001182556152,0.026999950408935547
0.6510000228881836,0.6760001182556152,0.02500009536743164
0.6540000438690186,0.6760001182556152,0.02200007438659668
0.6579999923706055,0.6940000057220459,0.03600001335144043
0.6990001201629639,0.7200000286102295,0.020999908447265625
0.7009999752044678,0.7200000286102295,0.01900005340576172
0.7039999961853027,0.7239999771118164,0.019999980926513672
0.7080001831054688,0.7290000915527344,0.020999908447265625
0.749000072479248,0.7799999713897705,0.03099989891052246
0.751000165939331,0.7799999713897705,0.028999805450439453
0.755000114440918,0.7810001373291016,0.026000022888183594
0.7580001354217529,0.7850000858306885,0.026999950408935547
0.7990000247955322,0.814000129699707,0.015000104904174805
0.8010001182556152,0.8270001411437988,0.026000022888183594
0.8050000667572021,0.8270001411437988,0.02200007438659668
0.8070001602172852,0.8359999656677246,0.028999805450439453
0.8500001430511475,0.880000114440918,0.029999971389770508
0.8510000705718994,0.8810000419616699,0.029999971389770508
0.8550000190734863,0.8810000419616699,0.026000022888183594
0.8580000400543213,0.8810000419616699,0.023000001907348633
0.8990001678466797,0.9210000038146973,0.021999835968017578
0.9010000228881836,0.9179999828338623,0.01699995994567871
0.9049999713897705,0.9210000038146973,0.016000032424926758
0.9070000648498535,0.9210000038146973,0.01399993896484375
0.9490001201629639,0.9639999866485596,0.014999866485595703
0.9509999752044678,0.9639999866485596,0.013000011444091797
0.9539999961853027,0.9810001850128174,0.02700018882751465
0.9570000171661377,0.9820001125335693,0.02500009536743164
0.999000072479248,1.0130000114440918,0.01399993896484375
1.001000165939331,1.0220000743865967,0.020999908447265625
1.004000186920166,1.0220000743865967,0.017999887466430664
1.0069999694824219,1.0260000228881836,0.01900005340576172
1.0490000247955322,1.073000192642212,0.024000167846679688
1.0510001182556152,1.073000192642212,0.02200007438659668
1.0550000667572021,1.0780000686645508,0.023000001907348633
1.058000087738037,1.073000192642212,0.015000104904174805
1.0989999771118164,1.1130001544952393,0.014000177383422852
1.1010000705718994,1.1319999694824219,0.03099989891052246
1.1040000915527344,1.1319999694824219,0.0279998779296875
1.1070001125335693,1.1410000324249268,0.03399991989135742
1.1500000953674316,1.1720001697540283,0.02200007438659668
1.1510000228881836,1.1720001697540283,0.021000146865844727
1.1540000438690186,1.1720001697540283,0.018000125885009766
1.1570000648498535,1.1740000247955322,0.01699995994567871
1.2000000476837158,1.2260000705718994,0.026000022888183594
1.2009999752044678,1.2170000076293945,0.016000032424926758
1.2039999961853027,1.2280001640319824,0.024000167846679688
1.2070000171661377,1.2269999980926514,0.019999980926513672
1.249000072479248,1.2690000534057617,0.019999980926513672
1.251000165939331,1.2690000534057617,0.017999887466430664
1.254000186920166,1.2690000534057617,0.014999866485595703
1.2569999694824219,1.2780001163482666,0.021000146865844727
1.3000001907348633,1.3259999752044678,0.025999784469604492
1.3010001182556152,1.317000150680542,0.016000032424926758
1.3040001392364502,1.3270001411437988,0.023000001907348633
1.308000087738037,1.3270001411437988,0.01900005340576172
1.3489999771118164,1.378000020980835,0.029000043869018555
1.3500001430511475,1.378000020980835,0.0279998779296875
1.3550000190734863,1.378000020980835,0.023000001907348633
1.3580000400543213,1.38100004196167,0.023000001907348633
1.4000000953674316,1.4320001602172852,0.032000064849853516
1.4010000228881836,1.4320001602172852,0.031000137329101562
1.4049999713897705,1.433000087738037,0.0280001163482666
1.4079999923706055,1.434000015258789,0.026000022888183594
1.4500000476837158,1.4710001945495605,0.021000146865844727
1.4509999752044678,1.4760000705718994,0.02500009536743164
1.4550001621246338,1.4720001220703125,0.01699995994567871
1.4570000171661377,1.4760000705718994,0.01900005340576172
1.499000072479248,1.5180001258850098,0.01900005340576172
1.501000165939331,1.5180001258850098,0.01699995994567871
1.504000186920166,1.5220000743865967,0.017999887466430664
1.5069999694824219,1.5299999713897705,0.023000001907348633
1.5490000247955322,1.5830001831054688,0.03400015830993652
1.5500001907348633,1.5830001831054688,0.03299999237060547
1.5540001392364502,1.5830001831054688,0.029000043869018555
1.558000087738037,1.5850000381469727,0.026999950408935547
1.6000001430511475,1.6119999885559082,0.011999845504760742
1.6010000705718994,1.621999979019165,0.020999908447265625
1.6040000915527344,1.621999979019165,0.017999887466430664
1.6080000400543213,1.630000114440918,0.02200007438659668
1.6490001678466797,1.6610000133514404,0.011999845504760742
1.6510000228881836,1.683000087738037,0.032000064849853516
1.6549999713897705,1.686000108718872,0.031000137329101562
1.6570000648498535,1.683000087738037,0.026000022888183594
1.6990001201629639,1.7160000801086426,0.01699995994567871
1.7009999752044678,1.7300000190734863,0.029000043869018555
1.7050001621246338,1.7300000190734863,0.02499985694885254
1.7070000171661377,1.7300000190734863,0.023000001907348633
1.75,1.7620000839233398,0.012000083923339844
1.751000165939331,1.7690000534057617,0.017999887466430664
1.754000186920166,1.7690000534057617,0.014999866485595703
1.7569999694824219,1.7900002002716064,0.03300023078918457
1.8000001907348633,1.8310000896453857,0.03099989891052246
1.8010001182556152,1.8340001106262207,0.03299999237060547
1.8050000667572021,1.8310000896453857,0.026000022888183594
1.808000087738037,1.8460001945495605,0.03800010681152344
1.8500001430511475,1.878000020980835,0.0279998779296875
1.8510000705718994,1.879000186920166,0.0280001163482666
1.8540000915527344,1.879000186920166,0.02500009536743164
1.8580000400543213,1.8930001258850098,0.03500008583068848
1.9000000953674316,1.9170000553131104,0.01699995994567871
1.9010000228881836,1.9170000553131104,0.016000032424926758
1.9049999713897705,1.9170000553131104,0.012000083923339844
1.9079999923706055,1.937000036239624,0.029000043869018555
1.9500000476837158,1.9650001525878906,0.015000104904174805
1.9509999752044678,1.9650001525878906,0.014000177383422852
1.9539999961853027,1.9790000915527344,0.02500009536743164
1.9570000171661377,1.9790000915527344,0.02200007438659668
2.0,2.0340001583099365,0.03400015830993652
2.001000165939331,2.0340001583099365,0.03299999237060547
2.004000186920166,2.0350000858306885,0.03099989891052246
2.008000135421753,2.0340001583099365,0.026000022888183594
2.0500001907348633,2.067000150680542,0.01699995994567871
2.0510001182556152,2.067000150680542,0.016000032424926758
2.055000066757202,2.065999984741211,0.010999917984008789
2.058000087738037,2.0910000801086426,0.03299999237060547
2.0989999771118164,2.127000093460083,0.0280001163482666
2.1000001430511475,2.127000093460083,0.026999950408935547
2.1050000190734863,2.128000020980835,0.023000001907348633
2.1070001125335693,2.127000093460083,0.019999980926513672
2.1500000953674316,2.1750001907348633,0.02500009536743164
2.1510000228881836,2.1750001907348633,0.024000167846679688
2.1540000438690186,2.1760001182556152,0.02200007438659668
2.1579999923706055,2.1750001907348633,0.017000198364257812
2.200000047683716,2.2180001735687256,0.018000125885009766
2.2009999752044678,2.2310001850128174,0.03000020980834961
2.205000162124634,2.2310001850128174,0.026000022888183594
2.2080001831054688,2.244000196456909,0.03600001335144043
2.25,2.259999990463257,0.009999990463256836
2.251000165939331,2.2730000019073486,0.021999835968017578
2.255000114440918,2.2829999923706055,0.0279998779296875
2.256999969482422,2.2740001678466797,0.017000198364257812
2.2990000247955322,2.3340001106262207,0.03500008583068848
2.3000001907348633,2.3340001106262207,0.03399991989135742
2.305000066757202,2.3340001106262207,0.029000043869018555
2.307000160217285,2.3340001106262207,0.026999950408935547
2.3500001430511475,2.379000186920166,0.029000043869018555
2.3510000705718994,2.3630001544952393,0.012000083923339844
2.3540000915527344,2.379000186920166,0.02500009536743164
2.3580000400543213,2.380000114440918,0.02200007438659668
2.4000000953674316,2.42900013923645,0.029000043869018555
2.4000000953674316,2.42900013923645,0.029000043869018555
2.4049999713897705,2.427999973297119,0.023000001907348633
2.4079999923706055,2.430000066757202,0.02200007438659668
2.450000047683716,2.4820001125335693,0.032000064849853516
2.4509999752044678,2.4810001850128174,0.03000020980834961
2.455000162124634,2.4810001850128174,0.026000022888183594
2.4570000171661377,2.4820001125335693,0.02500009536743164
2.499000072479248,2.51200008392334,0.013000011444091797
2.501000165939331,2.5210001468658447,0.019999980926513672
2.505000114440918,2.5280001163482666,0.023000001907348633
2.508000135421753,2.5390000343322754,0.03099989891052246
2.5500001907348633,2.578000068664551,0.0279998779296875
2.5510001182556152,2.578000068664551,0.026999950408935547
2.555000066757202,2.578000068664551,0.023000001907348633
2.558000087738037,2.580000162124634,0.02200007438659668
2.5989999771118164,2.626000165939331,0.02700018882751465
2.6010000705718994,2.6130001544952393,0.012000083923339844
2.6050000190734863,2.626000165939331,0.021000146865844727
2.6070001125335693,2.6480000019073486,0.0409998893737793
2.6490001678466797,2.6660001277923584,0.01699995994567871
2.6500000953674316,2.6660001277923584,0.016000032424926758
2.6549999713897705,2.6740000247955322,0.01900005340576172
2.6579999923706055,2.680000066757202,0.02200007438659668
2.700000047683716,2.7339999675750732,0.03399991989135742
2.7009999752044678,2.7339999675750732,0.03299999237060547
2.705000162124634,2.7339999675750732,0.028999805450439453
2.7070000171661377,2.739000082015991,0.032000064849853516
2.75,2.7840001583099365,0.03400015830993652
2.75,2.7840001583099365,0.03400015830993652
2.755000114440918,2.7850000858306885,0.029999971389770508
2.758000135421753,2.7870001792907715,0.029000043869018555
2.7990000247955322,2.8330001831054688,0.03400015830993652
2.8010001182556152,2.8330001831054688,0.032000064849853516
2.805000066757202,2.8340001106262207,0.029000043869018555
2.807000160217285,2.8340001106262207,0.026999950408935547
2.8500001430511475,2.867000102996826,0.01699995994567871
2.8510000705718994,2.867000102996826,0.016000032424926758
2.8550000190734863,2.881999969482422,0.026999950408935547
2.8580000400543213,2.883000135421753,0.02500009536743164
2.8990001678466797,2.9220001697540283,0.023000001907348633
2.9010000228881836,2.9220001697540283,0.021000146865844727
2.9049999713897705,2.9220001697540283,0.017000198364257812
2.9079999923706055,2.953000068664551,0.04500007629394531
2.950000047683716,2.9620001316070557,0.012000083923339844
2.9509999752044678,2.9720001220703125,0.021000146865844727
2.9539999961853027,2.9760000705718994,0.02200007438659668
2.9580001831054688,2.989000082015991,0.03099989891052246
3.0,3.0160000324249268,0.016000032424926758
3.001000165939331,3.0160000324249268,0.014999866485595703
3.005000114440918,3.0329999923706055,0.0279998779296875
3.008000135421753,3.0160000324249268,0.007999897003173828
3.0500001907348633,3.0900001525878906,0.039999961853027344
3.0500001907348633,3.0889999866485596,0.03899979591369629
3.055000066757202,3.0889999866485596,0.03399991989135742
3.058000087738037,3.0960001945495605,0.03800010681152344
3.1000001430511475,3.118000030517578,0.017999887466430664
3.1010000705718994,3.118000030517578,0.01699995994567871
3.1040000915527344,3.118000030517578,0.01399993896484375
3.1070001125335693,3.134999990463257,0.0279998779296875
3.1500000953674316,3.177000045776367,0.026999950408935547
3.1510000228881836,3.1650002002716064,0.014000177383422852
3.1549999713897705,3.177000045776367,0.02200007438659668
3.1570000648498535,3.180000066757202,0.023000001907348633
3.199000120162964,3.2320001125335693,0.03299999237060547
3.2009999752044678,3.2320001125335693,0.031000137329101562
3.2039999961853027,3.2320001125335693,0.0280001163482666
3.2070000171661377,3.2360000610351562,0.029000043869018555
3.249000072479248,3.263000011444092,0.01399993896484375
3.25,3.263000011444092,0.013000011444091797
3.255000114440918,3.2750000953674316,0.019999980926513672
3.256999969482422,3.2850000858306885,0.0280001163482666
3.3000001907348633,3.3340001106262207,0.03399991989135742
3.3010001182556152,3.3340001106262207,0.03299999237060547
3.30400013923645,3.3389999866485596,0.034999847412109375
3.307000160217285,3.3370001316070557,0.029999971389770508
3.3489999771118164,3.377000093460083,0.0280001163482666
3.3510000705718994,3.376000165939331,0.02500009536743164
3.3540000915527344,3.377000093460083,0.023000001907348633
3.3570001125335693,3.377000093460083,0.019999980926513672
3.4000000953674316,3.427000045776367,0.026999950408935547
3.4010000228881836,3.4260001182556152,0.02500009536743164
3.4049999713897705,3.427999973297119,0.023000001907348633
3.4070000648498535,3.427000045776367,0.019999980926513672
3.449000120162964,3.4650001525878906,0.016000032424926758
3.4509999752044678,3.4639999866485596,0.013000011444091797
3.455000162124634,3.4760000705718994,0.020999908447265625
3.4580001831054688,3.4769999980926514,0.018999814987182617
3.5,3.5270001888275146,0.02700018882751465
3.501000165939331,3.5270001888275146,0.026000022888183594
3.504000186920166,3.5270001888275146,0.023000001907348633
3.508000135421753,3.5290000438690186,0.020999908447265625
3.5490000247955322,3.5880000591278076,0.03900003433227539
3.5510001182556152,3.5880000591278076,0.03699994087219238
3.555000066757202,3.5889999866485596,0.03399991989135742
3.558000087738037,3.5880000591278076,0.029999971389770508
3.5989999771118164,3.615000009536743,0.016000032424926758
3.6010000705718994,3.615000009536743,0.01399993896484375
3.6050000190734863,3.629000186920166,0.024000167846679688
3.6080000400543213,3.6430001258850098,0.03500008583068848
3.6500000953674316,3.6610000133514404,0.010999917984008789
3.6510000228881836,3.682000160217285,0.031000137329101562
3.6549999713897705,3.682000160217285,0.02700018882751465
3.6579999923706055,3.683000087738037,0.02500009536743164
3.699000120162964,3.739000082015991,0.039999961853027344
3.7009999752044678,3.7380001544952393,0.037000179290771484
3.705000162124634,3.7380001544952393,0.03299999237060547
3.7070000171661377,3.739000082015991,0.032000064849853516
3.75,3.764000177383423,0.014000177383422852
3.751000165939331,3.7850000858306885,0.03399991989135742
3.755000114440918,3.7850000858306885,0.029999971389770508
3.758000135421753,3.7860000133514404,0.0279998779296875
3.8000001907348633,3.812000036239624,0.011999845504760742
3.8010001182556152,3.830000162124634,0.029000043869018555
3.805000066757202,3.8289999961853027,0.023999929428100586
3.808000087738037,3.8420000076293945,0.03399991989135742
3.8489999771118164,3.874000072479248,0.02500009536743164
3.8510000705718994,3.873000144958496,0.02200007438659668
3.8550000190734863,3.874000072479248,0.01900005340576172
3.8580000400543213,3.875,0.01699995994567871
3.8990001678466797,3.9120001792907715,0.013000011444091797
3.9010000228881836,3.9220001697540283,0.021000146865844727
3.9049999713897705,3.940000057220459,0.03500008583068848
3.9079999923706055,3.92900013923645,0.021000146865844727
3.949000120162964,3.9800000190734863,0.03099989891052246
3.9509999752044678,3.9800000190734863,0.029000043869018555
3.9539999961853027,3.9800000190734863,0.026000022888183594
3.9580001831054688,3.9810001850128174,0.023000001907348633
4.0,4.028000116348267,0.0280001163482666
4.0,4.015000104904175,0.015000104904174805
4.005000114440918,4.0329999923706055,0.0279998779296875
4.006999969482422,4.028000116348267,0.021000146865844727
4.049000024795532,4.090000152587891,0.0410001277923584
4.050000190734863,4.090000152587891,0.039999961853027344
4.055000066757202,4.091000080108643,0.03600001335144043
4.057000160217285,4.0920000076293945,0.034999847412109375
4.1000001430511475,4.133000135421753,0.03299999237060547
4.101000070571899,4.128000020980835,0.026999950408935547
4.105000019073486,4.141000032424927,0.03600001335144043
4.107000112533569,4.133000135421753,0.026000022888183594
4.150000095367432,4.182000160217285,0.032000064849853516
4.151000022888184,4.182000160217285,0.031000137329101562
4.1549999713897705,4.182000160217285,0.02700018882751465
4.1579999923706055,4.197000026702881,0.03900003433227539
4.200000047683716,4.2190001010894775,0.01900005340576172
4.200999975204468,4.2190001010894775,0.018000125885009766
4.203999996185303,4.223999977111816,0.019999980926513672
4.207000017166138,4.226999998092651,0.019999980926513672
4.249000072479248,4.2820000648498535,0.03299999237060547
4.25,4.263000011444092,0.013000011444091797
4.255000114440918,4.2820000648498535,0.026999950408935547
4.258000135421753,4.2820000648498535,0.023999929428100586
4.299000024795532,4.312000036239624,0.013000011444091797
4.301000118255615,4.33899998664856,0.037999868392944336
4.30400013923645,4.33899998664856,0.034999847412109375
4.307000160217285,4.3420000076293945,0.034999847412109375
4.3500001430511475,4.371999979019165,0.021999835968017578
4.351000070571899,4.371999979019165,0.020999908447265625
4.355000019073486,4.371999979019165,0.01699995994567871
4.357000112533569,4.377000093460083,0.019999980926513672
4.39900016784668,4.43500018119812,0.03600001335144043
4.401000022888184,4.43500018119812,0.03400015830993652
4.4049999713897705,4.43500018119812,0.03000020980834961
4.4070000648498535,4.438000202178955,0.031000137329101562
4.449000120162964,4.466000080108643,0.01699995994567871
4.450999975204468,4.466000080108643,0.015000104904174805
4.455000162124634,4.478000164031982,0.023000001907348633
4.458000183105469,4.476000070571899,0.017999887466430664
4.5,4.519000053405762,0.01900005340576172
4.501000165939331,4.51800012588501,0.01699995994567871
4.505000114440918,4.523000001907349,0.017999887466430664
4.506999969482422,4.5340001583099365,0.02700018882751465
4.549000024795532,4.577000141143799,0.0280001163482666
4.551000118255615,4.564000129699707,0.013000011444091797
4.555000066757202,4.577000141143799,0.02200007438659668
4.557000160217285,4.583000183105469,0.026000022888183594
4.6000001430511475,4.624000072479248,0.023999929428100586
4.601000070571899,4.624000072479248,0.023000001907348633
4.605000019073486,4.624000072479248,0.01900005340576172
4.608000040054321,4.636000156402588,0.0280001163482666
4.650000095367432,4.66700005531311,0.01699995994567871
4.651000022888184,4.66700005531311,0.016000032424926758
4.6549999713897705,4.677000045776367,0.02200007438659668
4.6579999923706055,4.686000108718872,0.0280001163482666
4.700000047683716,4.7210001945495605,0.021000146865844727
4.700999975204468,4.7210001945495605,0.020000219345092773
4.703999996185303,4.7210001945495605,0.017000198364257812
4.708000183105469,4.735000133514404,0.026999950408935547
4.75,4.778000116348267,0.0280001163482666
4.75,4.777000188827515,0.02700018882751465
4.754000186920166,4.7790000438690186,0.02499985694885254
4.758000135421753,4.778000116348267,0.019999980926513672
4.800000190734863,4.819000005722046,0.018999814987182617
4.801000118255615,4.819000005722046,0.017999887466430664
4.805000066757202,4.819000005722046,0.01399993896484375
4.808000087738037,4.8440001010894775,0.03600001335144043
4.8500001430511475,4.884999990463257,0.034999847412109375
4.851000070571899,4.884999990463257,0.03399991989135742
4.855000019073486,4.888000011444092,0.03299999237060547
4.858000040054321,4.884999990463257,0.026999950408935547
4.900000095367432,4.91100001335144,0.010999917984008789
4.901000022888184,4.932000160217285,0.031000137329101562
4.9049999713897705,4.932000160217285,0.02700018882751465
4.9079999923706055,4.945000171661377,0.037000179290771484
4.949000120162964,4.96399998664856,0.014999866485595703
4.950999975204468,4.96399998664856,0.013000011444091797
4.955000162124634,4.983999967575073,0.028999805450439453
4.958000183105469,4.9720001220703125,0.01399993896484375
5.0,5.026000022888184,0.026000022888183594
5.001000165939331,5.026000022888184,0.02499985694885254
5.005000114440918,5.0320000648498535,0.026999950408935547
5.008000135421753,5.026000022888184,0.017999887466430664
5.050000190734863,5.075999975204468,0.025999784469604492
5.051000118255615,5.080000162124634,0.029000043869018555
5.055000066757202,5.080000162124634,0.02500009536743164
5.057000160217285,5.075999975204468,0.018999814987182617
5.098999977111816,5.120000123977661,0.021000146865844727
5.101000070571899,5.138000011444092,0.03699994087219238
5.105000019073486,5.120000123977661,0.015000104904174805
5.108000040054321,5.138000011444092,0.029999971389770508
5.150000095367432,5.184000015258789,0.03399991989135742
5.151000022888184,5.184000015258789,0.03299999237060547
5.1540000438690186,5.187000036239624,0.03299999237060547
5.1579999923706055,5.184000015258789,0.026000022888183594
5.200000047683716,5.210999965667725,0.010999917984008789
5.200999975204468,5.223999977111816,0.023000001907348633
5.205000162124634,5.223999977111816,0.018999814987182617
5.208000183105469,5.223999977111816,0.015999794006347656
5.249000072479248,5.269000053405762,0.019999980926513672
5.251000165939331,5.269000053405762,0.017999887466430664
5.254000186920166,5.269000053405762,0.014999866485595703
5.258000135421753,5.275000095367432,0.01699995994567871
5.300000190734863,5.328000068664551,0.0279998779296875
5.301000118255615,5.328000068664551,0.026999950408935547
5.305000066757202,5.328000068664551,0.023000001907348633
5.307000160217285,5.33899998664856,0.031999826431274414
5.3500001430511475,5.367000102996826,0.01699995994567871
5.351000070571899,5.366000175476074,0.015000104904174805
5.355000019073486,5.38100004196167,0.026000022888183594
5.358000040054321,5.381999969482422,0.023999929428100586
5.39900016784668,5.41700005531311,0.017999887466430664
5.401000022888184,5.41700005531311,0.016000032424926758
5.4040000438690186,5.41700005531311,0.013000011444091797
5.4079999923706055,5.430000066757202,0.02200007438659668
5.450000047683716,5.468000173568726,0.018000125885009766
5.450999975204468,5.468000173568726,0.017000198364257812
5.455000162124634,5.480000019073486,0.02499985694885254
5.458000183105469,5.481000185012817,0.023000001907348633
5.5,5.5329999923706055,0.03299999237060547
5.501000165939331,5.51800012588501,0.01699995994567871
5.504000186920166,5.51800012588501,0.01399993896484375
5.506999969482422,5.5329999923706055,0.026000022888183594
5.549000024795532,5.565000057220459,0.016000032424926758
5.551000118255615,5.565000057220459,0.01399993896484375
5.555000066757202,5.573000192642212,0.018000125885009766
5.558000087738037,5.573000192642212,0.015000104904174805
5.6000001430511475,5.634999990463257,0.034999847412109375
5.601000070571899,5.634999990463257,0.03399991989135742
5.605000019073486,5.638000011444092,0.03299999237060547
5.608000040054321,5.642000198364258,0.03400015830993652
5.650000095367432,5.682000160217285,0.032000064849853516
5.651000022888184,5.6650002002716064,0.014000177383422852
5.6540000438690186,5.682000160217285,0.0280001163482666
5.6570000648498535,5.682000160217285,0.02500009536743164
5.700000047683716,5.732000112533569,0.032000064849853516
5.700999975204468,5.732000112533569,0.031000137329101562
5.705000162124634,5.733000040054321,0.0279998779296875
5.708000183105469,5.732000112533569,0.023999929428100586
5.75,5.76200008392334,0.012000083923339844
5.751000165939331,5.7820000648498535,0.03099989891052246
5.755000114440918,5.7840001583099365,0.029000043869018555
5.756999969482422,5.7820000648498535,0.02500009536743164
5.800000190734863,5.825000047683716,0.02499985694885254
5.801000118255615,5.813000202178955,0.012000083923339844
5.80400013923645,5.825000047683716,0.020999908447265625
5.808000087738037,5.825000047683716,0.01699995994567871
5.8500001430511475,5.861000061035156,0.010999917984008789
5.851000070571899,5.871999979019165,0.020999908447265625
5.855000019073486,5.871999979019165,0.01699995994567871
5.858000040054321,5.876000165939331,0.018000125885009766
5.89900016784668,5.9120001792907715,0.013000011444091797
5.901000022888184,5.937000036239624,0.03600001335144043
5.9049999713897705,5.937000036239624,0.032000064849853516
5.9079999923706055,5.940000057220459,0.032000064849853516
5.949000120162964,5.982000112533569,0.03299999237060547
5.950999975204468,5.981000185012817,0.03000020980834961
5.955000162124634,5.986000061035156,0.03099989891052246
5.958000183105469,5.982000112533569,0.023999929428100586
6.0,6.0299999713897705,0.029999971389770508
6.001000165939331,6.0299999713897705,0.028999805450439453
6.005000114440918,6.0299999713897705,0.02499985694885254
6.008000135421753,6.0299999713897705,0.021999835968017578
6.050000190734863,6.081000089645386,0.03099989891052246
6.051000118255615,6.081000089645386,0.029999971389770508
6.055000066757202,6.081000089645386,0.026000022888183594
6.057000160217285,6.088000059127808,0.03099989891052246
6.098999977111816,6.117000102996826,0.018000125885009766
6.101999998092651,6.116000175476074,0.014000177383422852
6.105000019073486,6.126000165939331,0.021000146865844727
6.108000040054321,6.126000165939331,0.018000125885009766
6.150000095367432,6.177999973297119,0.0279998779296875
6.151000022888184,6.167999982833862,0.01699995994567871
6.1549999713897705,6.17900013923645,0.024000167846679688
6.1570000648498535,6.17900013923645,0.02200007438659668
6.200000047683716,6.231000185012817,0.031000137329101562
6.200999975204468,6.231000185012817,0.03000020980834961
6.205000162124634,6.244000196456909,0.03900003433227539
6.208000183105469,6.231000185012817,0.023000001907348633
6.25,6.26800012588501,0.018000125885009766
6.251000165939331,6.26800012588501,0.01699995994567871
6.255000114440918,6.277000188827515,0.02200007438659668
6.258000135421753,6.277000188827515,0.01900005340576172
6.299000024795532,6.314000129699707,0.015000104904174805
6.301000118255615,6.314000129699707,0.013000011444091797
6.305000066757202,6.322000026702881,0.01699995994567871
6.308000087738037,6.335000038146973,0.026999950408935547
6.3500001430511475,6.360000133514404,0.009999990463256836
6.351000070571899,6.376000165939331,0.02500009536743164
6.354000091552734,6.380000114440918,0.026000022888183594
6.358000040054321,6.376000165939331,0.018000125885009766
6.400000095367432,6.434000015258789,0.03399991989135742
6.401000022888184,6.434000015258789,0.03299999237060547
6.4049999713897705,6.434000015258789,0.029000043869018555
6.4079999923706055,6.436000108718872,0.0280001163482666
6.450000047683716,6.462000131607056,0.012000083923339844
6.450999975204468,6.476000070571899,0.02500009536743164
6.453999996185303,6.476000070571899,0.02200007438659668
6.458000183105469,6.486999988555908,0.028999805450439453
6.499000072479248,6.516000032424927,0.01699995994567871
6.501000165939331,6.516000032424927,0.014999866485595703
6.505000114440918,6.5290000438690186,0.023999929428100586
6.508000135421753,6.52400016784668,0.016000032424926758
6.550000190734863,6.577000141143799,0.026999950408935547
6.551000118255615,6.575999975204468,0.02499985694885254
6.55400013923645,6.578999996185303,0.02499985694885254
6.558000087738037,6.5920000076293945,0.03399991989135742
6.6000001430511475,6.629000186920166,0.029000043869018555
6.601000070571899,6.629000186920166,0.0280001163482666
6.605000019073486,6.633000135421753,0.0280001163482666
6.608000040054321,6.646000146865845,0.03800010681152344
6.64900016784668,6.664000034332275,0.014999866485595703
6.651000022888184,6.664000034332275,0.013000011444091797
6.6549999713897705,6.676000118255615,0.021000146865844727
6.6579999923706055,6.682000160217285,0.024000167846679688
6.700000047683716,6.7250001430511475,0.02500009536743164
6.700999975204468,6.7250001430511475,0.024000167846679688
6.703999996185303,6.7250001430511475,0.021000146865844727
6.708000183105469,6.731000185012817,0.023000001907348633
6.75,6.7850000858306885,0.03500008583068848
6.751000165939331,6.7850000858306885,0.03399991989135742
6.755000114440918,6.78600001335144,0.03099989891052246
6.758000135421753,6.7850000858306885,0.026999950408935547
6.800000190734863,6.809000015258789,0.008999824523925781
6.801000118255615,6.822000026702881,0.020999908447265625
6.80400013923645,6.835000038146973,0.03099989891052246
6.807000160217285,6.823000192642212,0.016000032424926758
6.8500001430511475,6.869000196456909,0.01900005340576172
6.851000070571899,6.869000196456909,0.018000125885009766
6.855000019073486,6.871999979019165,0.01699995994567871
6.858000040054321,6.880000114440918,0.02200007438659668
6.900000095367432,6.920000076293945,0.019999980926513672
6.901000022888184,6.920000076293945,0.01900005340576172
6.9049999713897705,6.920000076293945,0.015000104904174805
6.9079999923706055,6.930999994277954,0.023000001907348633
6.949000120162964,6.973999977111816,0.02499985694885254
6.950999975204468,6.9700000286102295,0.01900005340576172
6.953999996185303,6.9750001430511475,0.021000146865844727
6.958000183105469,6.978000164031982,0.019999980926513672
7.0,7.03600001335144,0.03600001335144043
7.001000165939331,7.03600001335144,0.034999847412109375
7.005000114440918,7.03600001335144,0.03099989891052246
7.008000135421753,7.044000148773193,0.03600001335144043
7.050000190734863,7.081000089645386,0.03099989891052246
7.051000118255615,7.067000150680542,0.016000032424926758
7.055000066757202,7.081000089645386,0.026000022888183594
7.058000087738037,7.0940001010894775,0.03600001335144043
7.098999977111816,7.111999988555908,0.013000011444091797
7.101000070571899,7.13100004196167,0.029999971389770508
7.105000019073486,7.13100004196167,0.026000022888183594
7.108000040054321,7.13100004196167,0.023000001907348633
7.150000095367432,7.170000076293945,0.019999980926513672
7.151000022888184,7.170000076293945,0.01900005340576172
7.1549999713897705,7.170000076293945,0.015000104904174805
7.1570000648498535,7.172000169754028,0.015000104904174805
7.200000047683716,7.2200000286102295,0.019999980926513672
7.200999975204468,7.2190001010894775,0.018000125885009766
7.203999996185303,7.2200000286102295,0.016000032424926758
7.208000183105469,7.238000154495239,0.029999971389770508
7.249000072479248,7.269000053405762,0.019999980926513672
7.251000165939331,7.269000053405762,0.017999887466430664
7.255000114440918,7.269000053405762,0.01399993896484375
7.256999969482422,7.277000188827515,0.020000219345092773
7.299000024795532,7.312000036239624,0.013000011444091797
7.301000118255615,7.333000183105469,0.032000064849853516
7.30400013923645,7.333000183105469,0.029000043869018555
7.308000087738037,7.341000080108643,0.03299999237060547
7.3500001430511475,7.375,0.02499985694885254
7.351000070571899,7.375,0.023999929428100586
7.355000019073486,7.375,0.019999980926513672
7.358000040054321,7.379000186920166,0.021000146865844727
7.39900016784668,7.4150002002716064,0.016000032424926758
7.401000022888184,7.4150002002716064,0.014000177383422852
7.4049999713897705,7.424000024795532,0.01900005340576172
7.4079999923706055,7.446000099182129,0.03800010681152344
7.450000047683716,7.468000173568726,0.018000125885009766
7.450999975204468,7.468000173568726,0.017000198364257812
7.455000162124634,7.483000040054321,0.0279998779296875
7.458000183105469,7.468000173568726,0.009999990463256836
7.5,7.509999990463257,0.009999990463256836
7.501000165939331,7.52400016784668,0.023000001907348633
7.505000114440918,7.52400016784668,0.01900005340576172
7.508000135421753,7.527000188827515,0.01900005340576172
7.549000024795532,7.562000036239624,0.013000011444091797
7.551000118255615,7.573000192642212,0.02200007438659668
7.555000066757202,7.572000026702881,0.01699995994567871
7.558000087738037,7.578999996185303,0.020999908447265625
7.6000001430511475,7.624000072479248,0.023999929428100586
7.601000070571899,7.616000175476074,0.015000104904174805
7.605000019073486,7.623000144958496,0.018000125885009766
7.608000040054321,7.623000144958496,0.015000104904174805
7.650000095367432,7.666000127792358,0.016000032424926758
7.651000022888184,7.666000127792358,0.015000104904174805
7.6540000438690186,7.666000127792358,0.012000083923339844
7.6570000648498535,7.67900013923645,0.02200007438659668
7.700000047683716,7.71399998664856,0.01399993896484375
7.700999975204468,7.728000164031982,0.02700018882751465
7.705000162124634,7.726999998092651,0.021999835968017578
7.708000183105469,7.728000164031982,0.019999980926513672
7.749000072479248,7.776000022888184,0.026999950408935547
7.751000165939331,7.765000104904175,0.01399993896484375
7.755000114440918,7.776000022888184,0.020999908447265625
7.758000135421753,7.7840001583099365,0.026000022888183594
7.800000190734863,7.823000192642212,0.023000001907348633
7.802000045776367,7.823000192642212,0.021000146865844727
7.805000066757202,7.823000192642212,0.018000125885009766
7.807000160217285,7.830000162124634,0.023000001907348633
7.8500001430511475,7.870000123977661,0.019999980926513672
7.851000070571899,7.869000196456909,0.018000125885009766
7.855000019073486,7.869000196456909,0.014000177383422852
7.858000040054321,7.878000020980835,0.019999980926513672
7.89900016784668,7.925000190734863,0.026000022888183594
7.901000022888184,7.926000118255615,0.02500009536743164
7.9049999713897705,7.930999994277954,0.026000022888183594
7.9079999923706055,7.925000190734863,0.017000198364257812
7.950000047683716,7.993000030517578,0.042999982833862305
7.950999975204468,7.993000030517578,0.04200005531311035
7.955000162124634,7.992000102996826,0.03699994087219238
7.958000183105469,8.005000114440918,0.04699993133544922
8.0,8.032000064849854,0.032000064849853516
8.001000165939331,8.032000064849854,0.03099989891052246
8.005000114440918,8.032000064849854,0.026999950408935547
8.008000135421753,8.032999992370605,0.02499985694885254
8.050000190734863,8.07200002670288,0.021999835968017578
8.051000118255615,8.073000192642212,0.02200007438659668
8.055000066757202,8.07200002670288,0.01699995994567871
8.058000087738037,8.07800006866455,0.019999980926513672
8.098999977111816,8.114000082015991,0.015000104904174805
8.1010000705719,8.114000082015991,0.013000011444091797
8.105000019073486,8.131999969482422,0.026999950408935547
8.10700011253357,8.130000114440918,0.023000001907348633
8.150000095367432,8.163000106811523,0.013000011444091797
8.151000022888184,8.163000106811523,0.012000083923339844
8.154000043869019,8.17300009727478,0.01900005340576172
8.157999992370605,8.17900013923645,0.021000146865844727
8.199000120162964,8.210999965667725,0.011999845504760742
8.202000141143799,8.233000040054321,0.03099989891052246
8.205000162124634,8.233000040054321,0.0279998779296875
8.207000017166138,8.235000133514404,0.0280001163482666
8.25,8.266000032424927,0.016000032424926758
8.252000093460083,8.266000032424927,0.01399993896484375
8.255000114440918,8.281000137329102,0.026000022888183594
8.256999969482422,8.281000137329102,0.024000167846679688
8.300000190734863,8.321000099182129,0.020999908447265625
8.301000118255615,8.321000099182129,0.019999980926513672
8.30400013923645,8.321000099182129,0.01699995994567871
8.308000087738037,8.327000141143799,0.01900005340576172
8.350000143051147,8.38100004196167,0.03099989891052246
8.3510000705719,8.38100004196167,0.029999971389770508
8.355000019073486,8.384999990463257,0.029999971389770508
8.358000040054321,8.38100004196167,0.023000001907348633
8.400000095367432,8.430000066757202,0.029999971389770508
8.401000022888184,8.430000066757202,0.029000043869018555
8.40499997138977,8.433000087738037,0.0280001163482666
8.407999992370605,8.430000066757202,0.02200007438659668
8.450000047683716,8.473000049591064,0.023000001907348633
8.450999975204468,8.473000049591064,0.02200007438659668
8.455000162124634,8.473999977111816,0.018999814987182617
8.458000183105469,8.473000049591064,0.014999866485595703
8.499000072479248,8.51800012588501,0.01900005340576172
8.501000165939331,8.51800012588501,0.01699995994567871
8.504000186920166,8.52999997138977,0.025999784469604492
8.508000135421753,8.52999997138977,0.021999835968017578
8.550000190734863,8.565000057220459,0.014999866485595703
8.551000118255615,8.575999975204468,0.02499985694885254
8.555000066757202,8.575999975204468,0.020999908447265625
8.558000087738037,8.594000101089478,0.03600001335144043
8.598999977111816,8.628000020980835,0.029000043869018555
8.6010000705719,8.628000020980835,0.026999950408935547
8.605000019073486,8.629000186920166,0.024000167846679688
8.608000040054321,8.628000020980835,0.019999980926513672
8.650000095367432,8.682000160217285,0.032000064849853516
8.651000022888184,8.682000160217285,0.031000137329101562
8.654000043869019,8.684000015258789,0.029999971389770508
8.657999992370605,8.682000160217285,0.024000167846679688
8.699000120162964,8.713000059127808,0.01399993896484375
8.702000141143799,8.731000185012817,0.029000043869018555
8.706000089645386,8.73200011253357,0.026000022888183594
8.708000183105469,8.731000185012817,0.023000001907348633
8.749000072479248,8.77999997138977,0.03099989891052246
8.751000165939331,8.77999997138977,0.028999805450439453
8.755000114440918,8.77999997138977,0.02499985694885254
8.758000135421753,8.77999997138977,0.021999835968017578
8.800000190734863,8.827000141143799,0.026999950408935547
8.801000118255615,8.827000141143799,0.026000022888183594
8.805000066757202,8.82800006866455,0.023000001907348633
8.808000087738037,8.827000141143799,0.01900005340576172
8.850000143051147,8.871000051498413,0.020999908447265625
8.8510000705719,8.871000051498413,0.019999980926513672
8.855000019073486,8.871000051498413,0.016000032424926758
8.858000040054321,8.88100004196167,0.023000001907348633
8.900000095367432,8.92900013923645,0.029000043869018555
8.901000022888184,8.92900013923645,0.0280001163482666
8.90499997138977,8.92900013923645,0.024000167846679688
8.907000064849854,8.933000087738037,0.026000022888183594
8.950000047683716,8.960000038146973,0.009999990463256836
8.950999975204468,8.979000091552734,0.0280001163482666
8.953999996185303,8.979000091552734,0.02500009536743164
8.958000183105469,8.98200011253357,0.023999929428100586
9.0,9.013000011444092,0.013000011444091797
9.002000093460083,9.027000188827515,0.02500009536743164
9.004000186920166,9.027000188827515,0.023000001907348633
9.008000135421753,9.032000064849854,0.023999929428100586
9.050000190734863,9.067000150680542,0.01699995994567871
9.051000118255615,9.081000089645386,0.029999971389770508
9.055000066757202,9.081000089645386,0.026000022888183594
9.058000087738037,9.082000017166138,0.023999929428100586
9.100000143051147,9.130000114440918,0.029999971389770508
9.1010000705719,9.13100004196167,0.029999971389770508
9.105000019073486,9.130000114440918,0.02500009536743164
9.108000040054321,9.13100004196167,0.023000001907348633
9.150000095367432,9.165000200271606,0.015000104904174805
9.151000022888184,9.18500018119812,0.03400015830993652
9.15499997138977,9.18500018119812,0.03000020980834961
9.157999992370605,9.188000202178955,0.03000020980834961
9.200000047683716,9.212000131607056,0.012000083923339844
9.200999975204468,9.22000002861023,0.01900005340576172
9.205000162124634,9.22000002861023,0.014999866485595703
9.208000183105469,9.228000164031982,0.019999980926513672
9.25,9.261000156402588,0.01100015640258789
9.251000165939331,9.27999997138977,0.028999805450439453
9.255000114440918,9.27999997138977,0.02499985694885254
9.258000135421753,9.27999997138977,0.021999835968017578
9.300000190734863,9.328999996185303,0.028999805450439453
9.301000118255615,9.32800006866455,0.026999950408935547
9.305000066757202,9.32800006866455,0.023000001907348633
9.308000087738037,9.328999996185303,0.020999908447265625
9.350000143051147,9.376000165939331,0.026000022888183594
9.3510000705719,9.376000165939331,0.02500009536743164
9.355000019073486,9.376000165939331,0.021000146865844727
9.358000040054321,9.379000186920166,0.021000146865844727
9.400000095367432,9.407999992370605,0.007999897003173828
9.401000022888184,9.424000024795532,0.023000001907348633
9.40499997138977,9.42300009727478,0.018000125885009766
9.407999992370605,9.42900013923645,0.021000146865844727
9.450000047683716,9.460999965667725,0.010999917984008789
9.450999975204468,9.481000185012817,0.03000020980834961
9.455000162124634,9.481000185012817,0.026000022888183594
9.458000183105469,9.485000133514404,0.026999950408935547
9.5,9.51800012588501,0.018000125885009766
9.502000093460083,9.51800012588501,0.016000032424926758
9.505000114440918,9.51800012588501,0.013000011444091797
9.506999969482422,9.532999992370605,0.026000022888183594
9.549000024795532,9.561000108718872,0.012000083923339844
9.551000118255615,9.57200002670288,0.020999908447265625
9.55400013923645,9.573000192642212,0.01900005340576172
9.558000087738037,9.573000192642212,0.015000104904174805
9.600000143051147,9.621000051498413,0.020999908447265625
9.6010000705719,9.621000051498413,0.019999980926513672
9.605000019073486,9.627000093460083,0.02200007438659668
9.608000040054321,9.621000051498413,0.013000011444091797
9.650000095367432,9.683000087738037,0.03299999237060547
9.651000022888184,9.683000087738037,0.032000064849853516
9.65499997138977,9.683000087738037,0.0280001163482666
9.657000064849854,9.686000108718872,0.029000043869018555
9.699000120162964,9.723000049591064,0.023999929428100586
9.700999975204468,9.723000049591064,0.02200007438659668
9.705000162124634,9.723000049591064,0.017999887466430664
9.708000183105469,9.733999967575073,0.025999784469604492
9.75,9.772000074386597,0.02200007438659668
9.751000165939331,9.771000146865845,0.019999980926513672
9.755000114440918,9.772000074386597,0.01699995994567871
9.758000135421753,9.792999982833862,0.034999847412109375
9.800000190734863,9.828999996185303,0.028999805450439453
9.801000118255615,9.828999996185303,0.0279998779296875
9.805000066757202,9.832000017166138,0.026999950408935547
9.808000087738037,9.833000183105469,0.02500009536743164
9.850000143051147,9.874000072479248,0.023999929428100586
9.8510000705719,9.864000082015991,0.013000011444091797
9.855000019073486,9.874000072479248,0.01900005340576172
9.858000040054321,9.890000104904175,0.032000064849853516
9.900000095367432,9.921000003814697,0.020999908447265625
9.901000022888184,9.913000106811523,0.012000083923339844
9.90499997138977,9.933000087738037,0.0280001163482666
9.907999992370605,9.933000087738037,0.02500009536743164
9.950000047683716,9.978000164031982,0.0280001163482666
9.952000141143799,9.978000164031982,0.026000022888183594
9.955000162124634,9.981000185012817,0.026000022888183594
9.958000183105469,9.983999967575073,0.025999784469604492
10.0,10.014000177383423,0.014000177383422852
10.001000165939331,10.026000022888184,0.02499985694885254
10.005000114440918,10.025000095367432,0.019999980926513672
10.008000135421753,10.032000064849854,0.023999929428100586
10.050000190734863,10.063000202178955,0.013000011444091797
10.051000118255615,10.075999975204468,0.02499985694885254
10.055000066757202,10.075999975204468,0.020999908447265625
10.058000087738037,10.075999975204468,0.017999887466430664
10.100000143051147,10.125,0.02499985694885254
10.1010000705719,10.125,0.023999929428100586
10.105000019073486,10.126000165939331,0.021000146865844727
10.108000040054321,10.125,0.01699995994567871
10.150000095367432,10.166000127792358,0.016000032424926758
10.151000022888184,10.165000200271606,0.014000177383422852
10.15499997138977,10.176000118255615,0.021000146865844727
10.157999992370605,10.184000015258789,0.026000022888183594
10.200000047683716,10.212000131607056,0.012000083923339844
10.200999975204468,10.223000049591064,0.02200007438659668
10.205000162124634,10.223000049591064,0.017999887466430664
10.208000183105469,10.226999998092651,0.018999814987182617
10.249000072479248,10.264000177383423,0.015000104904174805
10.251000165939331,10.264000177383423,0.013000011444091797
10.255000114440918,10.271000146865845,0.016000032424926758
10.258000135421753,10.271000146865845,0.013000011444091797
10.300000190734863,10.335999965667725,0.03599977493286133
10.301000118255615,10.335000038146973,0.03399991989135742
10.30400013923645,10.337000131607056,0.03299999237060547
10.308000087738037,10.335999965667725,0.0279998779296875
10.350000143051147,10.384000062942505,0.03399991989135742
10.3510000705719,10.364000082015991,0.013000011444091797
10.355000019073486,10.384000062942505,0.029000043869018555
10.358000040054321,10.386000156402588,0.0280001163482666
10.39900016784668,10.412000179290771,0.013000011444091797
10.401000022888184,10.425000190734863,0.024000167846679688
10.40499997138977,10.425000190734863,0.020000219345092773
10.407999992370605,10.440000057220459,0.032000064849853516
10.450000047683716,10.47000002861023,0.019999980926513672
10.450999975204468,10.47000002861023,0.01900005340576172
10.455000162124634,10.47000002861023,0.014999866485595703
10.458000183105469,10.481000185012817,0.023000001907348633
10.499000072479248,10.522000074386597,0.023000001907348633
10.501000165939331,10.522000074386597,0.020999908447265625
10.505000114440918,10.522000074386597,0.01699995994567871
10.508000135421753,10.54200005531311,0.03399991989135742
10.550000190734863,10.562000036239624,0.011999845504760742
10.552000045776367,10.562000036239624,0.009999990463256836
10.555000066757202,10.575999975204468,0.020999908447265625
10.558000087738037,10.575999975204468,0.017999887466430664
10.598999977111816,10.611000061035156,0.012000083923339844
10.6010000705719,10.63100004196167,0.029999971389770508
10.605000019073486,10.63100004196167,0.026000022888183594
10.608000040054321,10.631999969482422,0.023999929428100586
10.650000095367432,10.663000106811523,0.013000011444091797
10.652000188827515,10.67900013923645,0.026999950408935547
10.65499997138977,10.67900013923645,0.024000167846679688
10.657999992370605,10.67900013923645,0.021000146865844727
10.700000047683716,10.716000080108643,0.016000032424926758
10.700999975204468,10.716000080108643,0.015000104904174805
10.705000162124634,10.73800015449524,0.03299999237060547
10.708000183105469,10.736999988555908,0.028999805450439453
10.75,10.771000146865845,0.021000146865844727
10.751000165939331,10.771000146865845,0.019999980926513672
10.755000114440918,10.772000074386597,0.01699995994567871
10.758000135421753,10.789000034332275,0.03099989891052246
10.800000190734863,10.856000185012817,0.0559999942779541
10.801000118255615,10.858000040054321,0.056999921798706055
10.805000066757202,10.865000009536743,0.059999942779541016
10.808000087738037,10.856000185012817,0.04800009727478027
10.850000143051147,10.865000009536743,0.014999866485595703
10.8510000705719,10.879000186920166,0.0280001163482666
10.855000019073486,10.904000043869019,0.04900002479553223
10.858000040054321,10.879000186920166,0.021000146865844727
10.89900016784668,10.930000066757202,0.03099989891052246
10.901000022888184,10.910000085830688,0.009000062942504883
10.90499997138977,10.930000066757202,0.02500009536743164
10.907999992370605,10.934000015258789,0.026000022888183594
10.950000047683716,10.97100019454956,0.021000146865844727
10.950999975204468,10.97100019454956,0.020000219345092773
10.955000162124634,10.976999998092651,0.021999835968017578
10.958000183105469,10.976999998092651,0.018999814987182617
11.0,11.015000104904175,0.015000104904174805
11.001000165939331,11.015000104904175,0.01399993896484375
11.005000114440918,11.027000188827515,0.02200007438659668
11.008000135421753,11.027000188827515,0.01900005340576172
11.050000190734863,11.070000171661377,0.019999980926513672
11.051000118255615,11.070000171661377,0.01900005340576172
11.055000066757202,11.078999996185303,0.023999929428100586
11.058000087738037,11.077000141143799,0.01900005340576172
11.100000143051147,11.203999996185303,0.10399985313415527
11.1010000705719,11.203999996185303,0.10299992561340332
11.105000019073486,11.203999996185303,0.0989999771118164
11.108000040054321,11.241000175476074,0.13300013542175293
11.150000095367432,11.241000175476074,0.09100008010864258
11.152000188827515,11.241000175476074,0.08899998664855957
11.15499997138977,11.241000175476074,0.08600020408630371
11.157999992370605,11.242000102996826,0.0840001106262207
11.200000047683716,11.241000175476074,0.0410001277923584
11.200999975204468,11.241000175476074,0.040000200271606445
11.205000162124634,11.30400013923645,0.0989999771118164
11.208000183105469,11.242000102996826,0.03399991989135742
11.25,11.273000001907349,0.023000001907348633
11.251000165939331,11.273000001907349,0.021999835968017578
11.255000114440918,11.30400013923645,0.04900002479553223
11.258000135421753,11.282000064849854,0.023999929428100586
11.299000024795532,11.323000192642212,0.024000167846679688
11.301000118255615,11.323000192642212,0.02200007438659668
11.305000066757202,11.325999975204468,0.020999908447265625
11.308000087738037,11.341000080108643,0.03299999237060547
11.350000143051147,11.358999967575073,0.008999824523925781
11.3510000705719,11.366000175476074,0.015000104904174805
11.355000019073486,11.375,0.019999980926513672
11.358000040054321,11.375,0.01699995994567871
11.400000095367432,11.419000148773193,0.01900005340576172
11.401000022888184,11.42799997329712,0.026999950408935547
11.40499997138977,11.419000148773193,0.014000177383422852
11.407999992370605,11.430999994277954,0.023000001907348633
11.450000047683716,11.462000131607056,0.012000083923339844
11.450999975204468,11.480000019073486,0.029000043869018555
11.455000162124634,11.480000019073486,0.02499985694885254
11.458000183105469,11.480000019073486,0.021999835968017578
11.5,11.532999992370605,0.03299999237060547
11.502000093460083,11.532999992370605,0.03099989891052246
11.504000186920166,11.53600001335144,0.031999826431274414
11.508000135421753,11.532999992370605,0.02499985694885254
11.550000190734863,11.56000018119812,0.009999990463256836
11.551000118255615,11.573000192642212,0.02200007438659668
11.555000066757202,11.573000192642212,0.018000125885009766
11.558000087738037,11.59000015258789,0.032000064849853516
11.600000143051147,11.61300015449524,0.013000011444091797
11.6010000705719,11.625,0.023999929428100586
11.605000019073486,11.625,0.019999980926513672
11.608000040054321,11.629000186920166,0.021000146865844727
11.650000095367432,11.683000087738037,0.03299999237060547
11.651000022888184,11.683000087738037,0.032000064849853516
11.65499997138977,11.682000160217285,0.02700018882751465
11.657999992370605,11.68500018119812,0.02700018882751465
11.700000047683716,11.722000122070312,0.02200007438659668
11.700999975204468,11.718000173568726,0.017000198364257812
11.705000162124634,11.723000049591064,0.017999887466430664
11.708000183105469,11.745000123977661,0.03699994087219238
11.75,11.763000011444092,0.013000011444091797
11.752000093460083,11.763000011444092,0.010999917984008789
11.75600004196167,11.77999997138977,0.023999929428100586
11.758000135421753,11.776000022888184,0.017999887466430664
11.800000190734863,11.835000038146973,0.034999847412109375
11.801000118255615,11.835000038146973,0.03399991989135742
11.805000066757202,11.835999965667725,0.03099989891052246
11.808000087738037,11.844000101089478,0.03600001335144043
11.850000143051147,11.865000009536743,0.014999866485595703
11.851999998092651,11.88700008392334,0.03500008583068848
11.855000019073486,11.88700008392334,0.032000064849853516
11.858000040054321,11.888000011444092,0.029999971389770508
11.900000095367432,11.91700005531311,0.01699995994567871
11.902000188827515,11.91700005531311,0.014999866485595703
11.90499997138977,11.91700005531311,0.012000083923339844
11.907999992370605,11.924000024795532,0.016000032424926758
11.950999975204468,11.97000002861023,0.01900005340576172
11.950999975204468,11.969000101089478,0.018000125885009766
11.955000162124634,11.969000101089478,0.01399993896484375
11.958000183105469,11.985000133514404,0.026999950408935547
12.0,12.017000198364258,0.017000198364257812
12.001000165939331,12.017000198364258,0.016000032424926758
12.005000114440918,12.028000116348267,0.023000001907348633
12.008000135421753,12.028000116348267,0.019999980926513672
12.050000190734863,12.069000005722046,0.018999814987182617
12.051000118255615,12.069000005722046,0.017999887466430664
12.055000066757202,12.069000005722046,0.01399993896484375
12.058000087738037,12.081000089645386,0.023000001907348633
12.100000143051147,12.125,0.02499985694885254
12.1010000705719,12.124000072479248,0.023000001907348633
12.105000019073486,12.124000072479248,0.01900005340576172
12.108000040054321,12.13100004196167,0.023000001907348633
12.150000095367432,12.176000118255615,0.026000022888183594
12.151000022888184,12.176000118255615,0.02500009536743164
12.15499997138977,12.180000066757202,0.02500009536743164
12.157999992370605,12.176000118255615,0.018000125885009766
12.200000047683716,12.228000164031982,0.0280001163482666
12.200999975204468,12.226999998092651,0.026000022888183594
12.205000162124634,12.229000091552734,0.023999929428100586
12.208000183105469,12.226999998092651,0.018999814987182617
12.25,12.273000001907349,0.023000001907348633
12.251000165939331,12.273000001907349,0.021999835968017578
12.25600004196167,12.273000001907349,0.01699995994567871
12.258000135421753,12.27999997138977,0.021999835968017578
12.300000190734863,12.324000120162964,0.023999929428100586
12.301000118255615,12.314000129699707,0.013000011444091797
12.305000066757202,12.324000120162964,0.01900005340576172
12.308000087738037,12.34600019454956,0.03800010681152344
12.350000143051147,12.371999979019165,0.021999835968017578
12.351999998092651,12.364000082015991,0.012000083923339844
12.356000185012817,12.373000144958496,0.01699995994567871
12.358999967575073,12.383000135421753,0.024000167846679688
12.400000095367432,12.43500018119812,0.03500008583068848
12.401000022888184,12.43500018119812,0.03400015830993652
12.40499997138977,12.43500018119812,0.03000020980834961
12.407000064849854,12.437000036239624,0.029999971389770508
12.449000120162964,12.46399998664856,0.014999866485595703
12.450999975204468,12.46399998664856,0.013000011444091797
12.455000162124634,12.473000049591064,0.017999887466430664
12.458000183105469,12.473000049591064,0.014999866485595703
12.5,12.517000198364258,0.017000198364257812
12.501000165939331,12.517000198364258,0.016000032424926758
12.505000114440918,12.517000198364258,0.012000083923339844
12.508000135421753,12.527000188827515,0.01900005340576172
12.550000190734863,12.587000131607056,0.03699994087219238
12.551000118255615,12.585999965667725,0.034999847412109375
12.555000066757202,12.59000015258789,0.03500008583068848
12.558000087738037,12.587000131607056,0.029000043869018555
12.600000143051147,12.64900016784668,0.04900002479553223
12.6010000705719,12.64900016784668,0.04800009727478027
12.605000019073486,12.64900016784668,0.04400014877319336
12.608000040054321,12.64900016784668,0.0410001277923584
12.650000095367432,12.677000045776367,0.026999950408935547
12.651000022888184,12.687000036239624,0.03600001335144043
12.65499997138977,12.676000118255615,0.021000146865844727
12.657999992370605,12.682000160217285,0.024000167846679688
12.700000047683716,12.72000002861023,0.019999980926513672
12.700999975204468,12.719000101089478,0.018000125885009766
12.703999996185303,12.72000002861023,0.016000032424926758
12.708000183105469,12.728000164031982,0.019999980926513672
12.75,12.789000034332275,0.03900003433227539
12.751000165939331,12.781000137329102,0.029999971389770508
12.755000114440918,12.782999992370605,0.0279998779296875
12.758000135421753,12.782999992370605,0.02499985694885254
12.799000024795532,12.814000129699707,0.015000104904174805
12.802000045776367,12.823000192642212,0.021000146865844727
12.805000066757202,12.823000192642212,0.018000125885009766
12.808000087738037,12.828999996185303,0.020999908447265625
12.850000143051147,12.861000061035156,0.010999917984008789
12.851999998092651,12.879000186920166,0.02700018882751465
12.855000019073486,12.880000114440918,0.02500009536743164
12.858000040054321,12.889000177383423,0.031000137329101562
12.900000095367432,12.922000169754028,0.02200007438659668
12.901000022888184,12.921000003814697,0.019999980926513672
12.90499997138977,12.921000003814697,0.016000032424926758
12.907999992370605,12.930999994277954,0.023000001907348633
12.949000120162964,12.962000131607056,0.013000011444091797
12.952000141143799,12.97100019454956,0.01900005340576172
12.953999996185303,12.97100019454956,0.017000198364257812
12.95900011062622,12.985000133514404,0.026000022888183594
13.0,13.016000032424927,0.016000032424926758
13.002000093460083,13.016000032424927,0.01399993896484375
13.005000114440918,13.032000064849854,0.026999950408935547
13.008000135421753,13.032999992370605,0.02499985694885254
13.050000190734863,13.073000192642212,0.023000001907348633
13.051000118255615,13.073000192642212,0.02200007438659668
13.055000066757202,13.073000192642212,0.018000125885009766
13.058000087738037,13.083000183105469,0.02500009536743164
13.1010000705719,13.111999988555908,0.010999917984008789
13.1010000705719,13.131999969482422,0.03099989891052246
13.105000019073486,13.133000135421753,0.0280001163482666
13.108000040054321,13.142000198364258,0.03400015830993652
13.150000095367432,13.17799997329712,0.0279998779296875
13.152000188827515,13.17799997329712,0.025999784469604492
13.156000137329102,13.180000066757202,0.023999929428100586
13.157999992370605,13.17900013923645,0.021000146865844727
13.200000047683716,13.23200011253357,0.032000064849853516
13.200999975204468,13.23200011253357,0.031000137329101562
13.205000162124634,13.231000185012817,0.026000022888183594
13.208000183105469,13.233000040054321,0.02499985694885254
13.25,13.276000022888184,0.026000022888183594
13.251000165939331,13.276000022888184,0.02499985694885254
13.25600004196167,13.275000095367432,0.01900005340576172
13.258000135421753,13.278000116348267,0.019999980926513672
13.300000190734863,13.325999975204468,0.025999784469604492
13.301000118255615,13.325999975204468,0.02499985694885254
13.305000066757202,13.331000089645386,0.026000022888183594
13.308000087738037,13.325999975204468,0.017999887466430664
13.350000143051147,13.361999988555908,0.011999845504760742
13.351999998092651,13.380000114440918,0.0280001163482666
13.355000019073486,13.39300012588501,0.03800010681152344
13.358000040054321,13.380000114440918,0.02200007438659668
13.400000095367432,13.420000076293945,0.019999980926513672
13.402000188827515,13.419000148773193,0.01699995994567871
13.40499997138977,13.419000148773193,0.014000177383422852
13.407999992370605,13.426000118255615,0.018000125885009766
13.450000047683716,13.47100019454956,0.021000146865844727
13.450999975204468,13.47100019454956,0.020000219345092773
13.455000162124634,13.47100019454956,0.016000032424926758
13.458000183105469,13.490000009536743,0.031999826431274414
13.5,13.51800012588501,0.018000125885009766
13.501000165939331,13.51800012588501,0.01699995994567871
13.505000114440918,13.51800012588501,0.013000011444091797
13.506999969482422,13.523000001907349,0.016000032424926758
13.550000190734863,13.570000171661377,0.019999980926513672
13.552000045776367,13.569000005722046,0.01699995994567871
13.55400013923645,13.570000171661377,0.016000032424926758
13.558000087738037,13.570000171661377,0.012000083923339844
13.600000143051147,13.61300015449524,0.013000011444091797
13.601999998092651,13.623000144958496,0.021000146865844727
13.605000019073486,13.623000144958496,0.018000125885009766
13.608000040054321,13.623000144958496,0.015000104904174805
13.650000095367432,13.663000106811523,0.013000011444091797
13.651000022888184,13.682000160217285,0.031000137329101562
13.65499997138977,13.684000015258789,0.029000043869018555
13.657999992370605,13.682000160217285,0.024000167846679688
13.700000047683716,13.72000002861023,0.019999980926513672
13.700999975204468,13.72000002861023,0.01900005340576172
13.705000162124634,13.7260000705719,0.020999908447265625
13.708000183105469,13.729000091552734,0.020999908447265625
13.75,13.782000064849854,0.032000064849853516
13.752000093460083,13.782000064849854,0.029999971389770508
13.755000114440918,13.782000064849854,0.026999950408935547
13.758000135421753,13.795000076293945,0.03699994087219238
13.800000190734863,13.830000162124634,0.029999971389770508
13.801000118255615,13.830000162124634,0.029000043869018555
13.805000066757202,13.83400011062622,0.029000043869018555
13.809000015258789,13.831000089645386,0.02200007438659668
13.848999977111816,13.868000030517578,0.01900005340576172
13.851999998092651,13.868000030517578,0.016000032424926758
13.855000019073486,13.868000030517578,0.013000011444091797
13.858000040054321,13.879000186920166,0.021000146865844727
13.900000095367432,13.933000087738037,0.03299999237060547
13.901000022888184,13.932000160217285,0.031000137329101562
13.90499997138977,13.932000160217285,0.02700018882751465
13.907999992370605,13.933000087738037,0.02500009536743164
13.950000047683716,13.967000007629395,0.01699995994567871
13.952000141143799,13.967000007629395,0.014999866485595703
13.955000162124634,13.978000164031982,0.023000001907348633
13.958000183105469,13.978000164031982,0.019999980926513672
13.999000072479248,14.016000032424927,0.01699995994567871
14.001000165939331,14.016000032424927,0.014999866485595703
14.005000114440918,14.025000095367432,0.019999980926513672
14.008000135421753,14.025000095367432,0.01699995994567871
14.050000190734863,14.075000047683716,0.02499985694885254
14.052000045776367,14.075000047683716,0.023000001907348633
14.05400013923645,14.075000047683716,0.020999908447265625
14.058000087738037,14.07800006866455,0.019999980926513672
14.100000143051147,14.111999988555908,0.011999845504760742
14.101999998092651,14.157000064849854,0.05500006675720215
14.105000019073486,14.157999992370605,0.05299997329711914
14.108000040054321,14.157000064849854,0.04900002479553223
14.150000095367432,14.174000024795532,0.023999929428100586
14.151000022888184,14.246999979019165,0.09599995613098145
14.15499997138977,14.246999979019165,0.09200000762939453
14.157999992370605,14.246999979019165,0.08899998664855957
14.200000047683716,14.259000062942505,0.05900001525878906
14.200999975204468,14.248000144958496,0.04700016975402832
14.205000162124634,14.259000062942505,0.053999900817871094
14.208000183105469,14.248000144958496,0.039999961853027344
14.25,14.290000200271606,0.040000200271606445
14.251000165939331,14.287000179290771,0.03600001335144043
14.255000114440918,14.287000179290771,0.032000064849853516
14.258000135421753,14.290000200271606,0.032000064849853516
14.300000190734863,14.319000005722046,0.018999814987182617
14.302000045776367,14.319000005722046,0.01699995994567871
14.305000066757202,14.319000005722046,0.01399993896484375
14.308000087738037,14.32800006866455,0.019999980926513672
14.3510000705719,14.365000009536743,0.01399993896484375
14.3510000705719,14.365000009536743,0.01399993896484375
14.355000019073486,14.383000135421753,0.0280001163482666
14.358000040054321,14.384000062942505,0.026000022888183594
14.400000095367432,14.42300009727478,0.023000001907348633
14.401000022888184,14.432000160217285,0.031000137329101562
14.40499997138977,14.42300009727478,0.018000125885009766
14.407999992370605,14.432000160217285,0.024000167846679688
14.449000120162964,14.476999998092651,0.0279998779296875
14.452000141143799,14.476999998092651,0.02499985694885254
14.455000162124634,14.478000164031982,0.023000001907348633
14.458000183105469,14.476999998092651,0.018999814987182617
14.5,14.52999997138977,0.029999971389770508
14.502000093460083,14.52999997138977,0.0279998779296875
14.505000114440918,14.52999997138977,0.02499985694885254
14.508000135421753,14.541000127792358,0.03299999237060547
14.550000190734863,14.564000129699707,0.01399993896484375
14.551000118255615,14.564000129699707,0.013000011444091797
14.555999994277954,14.591000080108643,0.03500008583068848
14.558000087738037,14.581000089645386,0.023000001907348633
14.600000143051147,14.634000062942505,0.03399991989135742
14.6010000705719,14.634000062942505,0.03299999237060547
14.605000019073486,14.633000135421753,0.0280001163482666
14.608999967575073,14.644999980926514,0.03600001335144043
14.650000095367432,14.663000106811523,0.013000011444091797
14.652000188827515,14.683000087738037,0.03099989891052246
14.65499997138977,14.683000087738037,0.0280001163482666
14.657999992370605,14.687000036239624,0.029000043869018555
14.700000047683716,14.729000091552734,0.029000043869018555
14.700999975204468,14.71500015258789,0.014000177383422852
14.705000162124634,14.729000091552734,0.023999929428100586
14.708000183105469,14.729000091552734,0.020999908447265625
14.75,14.777000188827515,0.02700018882751465
14.751000165939331,14.777000188827515,0.026000022888183594
14.755000114440918,14.77999997138977,0.02499985694885254
14.758000135421753,14.781000137329102,0.023000001907348633
14.800000190734863,14.815000057220459,0.014999866485595703
14.802000045776367,14.815000057220459,0.013000011444091797
14.805000066757202,14.82800006866455,0.023000001907348633
14.808000087738037,14.830000162124634,0.02200007438659668
14.850000143051147,14.881999969482422,0.031999826431274414
14.851999998092651,14.881999969482422,0.029999971389770508
14.855000019073486,14.881999969482422,0.026999950408935547
14.858000040054321,14.883000135421753,0.02500009536743164
14.900000095367432,14.922000169754028,0.02200007438659668
14.901000022888184,14.915000200271606,0.014000177383422852
14.90499997138977,14.930000066757202,0.02500009536743164
14.907999992370605,14.922000169754028,0.014000177383422852
14.950000047683716,14.978000164031982,0.0280001163482666
14.950999975204468,14.978000164031982,0.02700018882751465
14.955000162124634,14.981000185012817,0.026000022888183594
14.958000183105469,14.978000164031982,0.019999980926513672
15.0,15.02400016784668,0.024000167846679688
15.002000093460083,15.023000001907349,0.020999908447265625
15.005000114440918,15.02400016784668,0.01900005340576172
15.008000135421753,15.044000148773193,0.03600001335144043
15.050000190734863,15.064000129699707,0.01399993896484375
15.051000118255615,15.064000129699707,0.013000011444091797
15.055000066757202,15.07800006866455,0.023000001907348633
15.058000087738037,15.097000122070312,0.03900003433227539
15.100000143051147,15.133000135421753,0.03299999237060547
15.1010000705719,15.13100004196167,0.029999971389770508
15.106000185012817,15.133000135421753,0.026999950408935547
15.108999967575073,15.140000104904175,0.031000137329101562
15.150000095367432,15.177000045776367,0.026999950408935547
15.152000188827515,15.176000118255615,0.023999929428100586
15.15499997138977,15.176000118255615,0.021000146865844727
15.157999992370605,15.182000160217285,0.024000167846679688
15.200000047683716,15.229000091552734,0.029000043869018555
15.200999975204468,15.229000091552734,0.0280001163482666
15.205000162124634,15.229000091552734,0.023999929428100586
15.208000183105469,15.246999979019165,0.03899979591369629
15.25,15.265000104904175,0.015000104904174805
15.251000165939331,15.265000104904175,0.01399993896484375
15.255000114440918,15.281000137329102,0.026000022888183594
15.258000135421753,15.281000137329102,0.023000001907348633
15.300000190734863,15.317000150680542,0.01699995994567871
15.301000118255615,15.317000150680542,0.016000032424926758
15.305000066757202,15.32800006866455,0.023000001907348633
15.308000087738037,15.32800006866455,0.019999980926513672
15.350000143051147,15.365000009536743,0.014999866485595703
15.3510000705719,15.365000009536743,0.01399993896484375
15.355000019073486,15.373000144958496,0.018000125885009766
15.358000040054321,15.377000093460083,0.01900005340576172
15.400000095367432,15.425000190734863,0.02500009536743164
15.402000188827515,15.425000190734863,0.023000001907348633
15.40499997138977,15.425000190734863,0.020000219345092773
15.407999992370605,15.430000066757202,0.02200007438659668
15.450000047683716,15.483999967575073,0.03399991989135742
15.450999975204468,15.483000040054321,0.032000064849853516
15.455000162124634,15.483999967575073,0.028999805450439453
15.45900011062622,15.483999967575073,0.02499985694885254
15.5,15.513000011444092,0.013000011444091797
15.502000093460083,15.532999992370605,0.03099989891052246
15.505000114440918,15.532999992370605,0.0279998779296875
15.509000062942505,15.534000158309937,0.02500009536743164
15.550000190734863,15.561000108718872,0.010999917984008789
15.551000118255615,15.571000099182129,0.019999980926513672
15.555000066757202,15.571000099182129,0.016000032424926758
15.558000087738037,15.57800006866455,0.019999980926513672
15.600000143051147,15.616000175476074,0.016000032424926758
15.601999998092651,15.624000072479248,0.02200007438659668
15.605000019073486,15.624000072479248,0.01900005340576172
15.608999967575073,15.644000053405762,0.03500008583068848
15.650000095367432,15.675000190734863,0.02500009536743164
15.651000022888184,15.675000190734863,0.024000167846679688
15.65499997138977,15.677000045776367,0.02200007438659668
15.657999992370605,15.675000190734863,0.017000198364257812
15.700000047683716,15.722000122070312,0.02200007438659668
15.700999975204468,15.722000122070312,0.021000146865844727
15.705000162124634,15.740000009536743,0.034999847412109375
15.708000183105469,15.722000122070312,0.01399993896484375
15.75,15.76800012588501,0.018000125885009766
15.752000093460083,15.76800012588501,0.016000032424926758
15.755000114440918,15.76800012588501,0.013000011444091797
15.758000135421753,15.794000148773193,0.03600001335144043
15.800000190734863,15.815999984741211,0.015999794006347656
15.802000045776367,15.815000057220459,0.013000011444091797
15.805000066757202,15.827000141143799,0.02200007438659668
15.808000087738037,15.830000162124634,0.02200007438659668
15.850000143051147,15.874000072479248,0.023999929428100586
15.851999998092651,15.874000072479248,0.02200007438659668
15.855000019073486,15.874000072479248,0.01900005340576172
15.858000040054321,15.88100004196167,0.023000001907348633
15.900000095367432,15.930999994277954,0.03099989891052246
15.901000022888184,15.930999994277954,0.029999971389770508
15.90499997138977,15.932000160217285,0.02700018882751465
15.907999992370605,15.938000202178955,0.03000020980834961
15.949000120162964,15.973999977111816,0.02499985694885254
15.950999975204468,15.973999977111816,0.023000001907348633
15.955000162124634,15.973999977111816,0.018999814987182617
15.958000183105469,15.98200011253357,0.023999929428100586
16.0,16.032000064849854,0.032000064849853516
16.00100016593933,16.0310001373291,0.029999971389770508
16.005000114440918,16.0310001373291,0.026000022888183594
16.008000135421753,16.032999992370605,0.02499985694885254
16.050000190734863,16.073000192642212,0.023000001907348633
16.051000118255615,16.073000192642212,0.02200007438659668
16.055000066757202,16.073000192642212,0.018000125885009766
16.058000087738037,16.116000175476074,0.05800008773803711
16.100000143051147,16.138000011444092,0.037999868392944336
16.1010000705719,16.13700008392334,0.03600001335144043
16.105000019073486,16.141000032424927,0.03600001335144043
16.10800004005432,16.13700008392334,0.029000043869018555
16.15000009536743,16.176000118255615,0.026000022888183594
16.151000022888184,16.176000118255615,0.02500009536743164
16.15499997138977,16.17900013923645,0.024000167846679688
16.159000158309937,16.183000087738037,0.023999929428100586
16.200000047683716,16.223000049591064,0.023000001907348633
16.200999975204468,16.223000049591064,0.02200007438659668
16.205000162124634,16.223000049591064,0.017999887466430664
16.20900011062622,16.23800015449524,0.029000043869018555
16.25,16.278000116348267,0.0280001163482666
16.25100016593933,16.277000188827515,0.026000022888183594
16.255000114440918,16.277000188827515,0.02200007438659668
16.258000135421753,16.278000116348267,0.019999980926513672
16.301000118255615,16.324000120162964,0.023000001907348633
16.302000045776367,16.314000129699707,0.012000083923339844
16.305000066757202,16.332000017166138,0.026999950408935547
16.308000087738037,16.323000192642212,0.015000104904174805
16.350000143051147,16.37600016593933,0.026000022888183594
16.3510000705719,16.380000114440918,0.029000043869018555
16.355000019073486,16.37600016593933,0.021000146865844727
16.35800004005432,16.384999990463257,0.026999950408935547
16.40000009536743,16.417999982833862,0.017999887466430664
16.401000022888184,16.42900013923645,0.0280001163482666
16.40499997138977,16.42900013923645,0.024000167846679688
16.407999992370605,16.439000129699707,0.031000137329101562
16.450000047683716,16.46500015258789,0.015000104904174805
16.450999975204468,16.48300004005432,0.032000064849853516
16.455000162124634,16.48200011253357,0.026999950408935547
16.45800018310547,16.49400019645691,0.03600001335144043
16.5,16.522000074386597,0.02200007438659668
16.502000093460083,16.522000074386597,0.019999980926513672
16.505000114440918,16.522000074386597,0.01699995994567871
16.508000135421753,16.5310001373291,0.023000001907348633
16.550000190734863,16.56500005722046,0.014999866485595703
16.551000118255615,16.56500005722046,0.01399993896484375
16.555000066757202,16.575999975204468,0.020999908447265625
16.558000087738037,16.57800006866455,0.019999980926513672
16.600000143051147,16.629000186920166,0.029000043869018555
16.60199999809265,16.629000186920166,0.02700018882751465
16.606000185012817,16.633000135421753,0.026999950408935547
16.60800004005432,16.636000156402588,0.0280001163482666
16.65000009536743,16.665000200271606,0.015000104904174805
16.651000022888184,16.686000108718872,0.03500008583068848
16.65499997138977,16.686000108718872,0.031000137329101562
16.659000158309937,16.687000036239624,0.0279998779296875
16.700000047683716,16.733999967575073,0.03399991989135742
16.700999975204468,16.733999967575073,0.03299999237060547
16.705000162124634,16.733999967575073,0.028999805450439453
16.70800018310547,16.735000133514404,0.026999950408935547
16.75,16.784000158309937,0.03400015830993652
16.75100016593933,16.784000158309937,0.03299999237060547
16.755000114440918,16.788000106811523,0.03299999237060547
16.758000135421753,16.788000106811523,0.029999971389770508
16.801000118255615,16.818000078201294,0.01699995994567871
16.801000118255615,16.818000078201294,0.01699995994567871
16.805000066757202,16.835000038146973,0.029999971389770508
16.80900001525879,16.837000131607056,0.0280001163482666
16.850000143051147,16.861000061035156,0.010999917984008789
16.8510000705719,16.879000186920166,0.0280001163482666
16.855000019073486,16.879000186920166,0.024000167846679688
16.85800004005432,16.880000114440918,0.02200007438659668
16.90000009536743,16.944000005722046,0.04399991035461426
16.901000022888184,16.944000005722046,0.042999982833862305
16.90499997138977,16.944000005722046,0.03900003433227539
16.907999992370605,16.944000005722046,0.03600001335144043
16.950000047683716,16.980000019073486,0.029999971389770508
16.9520001411438,16.966000080108643,0.01399993896484375
16.955000162124634,16.980000019073486,0.02499985694885254
16.95800018310547,16.981000185012817,0.023000001907348633
17.00100016593933,17.032000064849854,0.03099989891052246
17.00100016593933,17.02999997138977,0.028999805450439453
17.005000114440918,17.032000064849854,0.026999950408935547
17.008000135421753,17.034000158309937,0.026000022888183594
17.051000118255615,17.078999996185303,0.0279998779296875
17.051000118255615,17.068000078201294,0.01699995994567871
17.055000066757202,17.078999996185303,0.023999929428100586
17.058000087738037,17.08300018310547,0.02500009536743164
17.100000143051147,17.127000093460083,0.026999950408935547
17.10199999809265,17.118000030517578,0.016000032424926758
17.106000185012817,17.127000093460083,0.020999908447265625
17.108999967575073,17.142000198364258,0.03300023078918457
17.15000009536743,17.165000200271606,0.015000104904174805
17.152000188827515,17.164000034332275,0.011999845504760742
17.15499997138977,17.17799997329712,0.023000001907348633
17.157999992370605,17.17799997329712,0.019999980926513672
17.200000047683716,17.230000019073486,0.029999971389770508
17.200999975204468,17.230000019073486,0.029000043869018555
17.205000162124634,17.23300004005432,0.0279998779296875
17.20800018310547,17.233999967575073,0.025999784469604492
17.25,17.341000080108643,0.09100008010864258
17.252000093460083,17.341000080108643,0.08899998664855957
17.255000114440918,17.341000080108643,0.08599996566772461
17.258000135421753,17.343000173568726,0.08500003814697266
17.30400013923645,17.348999977111816,0.04499983787536621
17.305000066757202,17.348999977111816,0.04399991035461426
17.305999994277954,17.353000164031982,0.04700016975402832
17.308000087738037,17.348999977111816,0.0409998893737793
17.350000143051147,17.36400008201599,0.01399993896484375
17.3510000705719,17.375,0.023999929428100586
17.356000185012817,17.375,0.018999814987182617
17.35800004005432,17.379000186920166,0.021000146865844727
17.40000009536743,17.421000003814697,0.020999908447265625
17.401000022888184,17.421000003814697,0.019999980926513672
17.4060001373291,17.421000003814697,0.014999866485595703
17.409000158309937,17.43400001525879,0.02499985694885254
17.450000047683716,17.473000049591064,0.023000001907348633
17.4520001411438,17.46500015258789,0.013000011444091797
17.455000162124634,17.473000049591064,0.017999887466430664
17.45800018310547,17.493000030517578,0.034999847412109375
17.5,17.52500009536743,0.02500009536743164
17.50100016593933,17.516000032424927,0.014999866485595703
17.505000114440918,17.526000022888184,0.020999908447265625
17.508000135421753,17.532000064849854,0.023999929428100586
17.550000190734863,17.570000171661377,0.019999980926513672
17.552000045776367,17.57100009918213,0.01900005340576172
17.555000066757202,17.57100009918213,0.016000032424926758
17.558000087738037,17.580000162124634,0.02200007438659668
17.600000143051147,17.634999990463257,0.034999847412109375
17.6010000705719,17.634999990463257,0.03399991989135742
17.605000019073486,17.634999990463257,0.029999971389770508
17.60800004005432,17.642000198364258,0.03400015830993652
17.65000009536743,17.676000118255615,0.026000022888183594
17.651000022888184,17.676000118255615,0.02500009536743164
17.65499997138977,17.675000190734863,0.020000219345092773
17.657999992370605,17.69000005722046,0.032000064849853516
17.700000047683716,17.71500015258789,0.015000104904174805
17.700999975204468,17.71500015258789,0.014000177383422852
17.705000162124634,17.725000143051147,0.019999980926513672
17.70800018310547,17.723999977111816,0.015999794006347656
17.75,17.77300000190735,0.023000001907348633
17.752000093460083,17.77300000190735,0.020999908447265625
17.755000114440918,17.7810001373291,0.026000022888183594
17.758000135421753,17.77300000190735,0.014999866485595703
17.800000190734863,17.949000120162964,0.14899992942810059
17.801000118255615,17.944000005722046,0.14299988746643066
17.805000066757202,17.949000120162964,0.14400005340576172
17.80900001525879,17.945000171661377,0.1360001564025879
17.850000143051147,17.948000192642212,0.09800004959106445
17.8510000705719,17.949000120162964,0.09800004959106445
17.855000019073486,17.949000120162964,0.09400010108947754
17.85800004005432,17.95300006866455,0.09500002861022949
17.901000022888184,17.95300006866455,0.05200004577636719
17.902000188827515,17.949000120162964,0.04699993133544922
17.90499997138977,17.949000120162964,0.04400014877319336
17.907999992370605,17.95300006866455,0.04500007629394531
17.950000047683716,17.96500015258789,0.015000104904174805
17.9520001411438,17.96500015258789,0.013000011444091797
17.955000162124634,17.973000049591064,0.017999887466430664
17.95800018310547,17.978000164031982,0.019999980926513672
18.0,18.01200008392334,0.012000083923339844
18.002000093460083,18.022000074386597,0.019999980926513672
18.005000114440918,18.022000074386597,0.01699995994567871
18.009000062942505,18.026000022888184,0.01699995994567871
18.050000190734863,18.0770001411438,0.026999950408935547
18.051000118255615,18.0770001411438,0.026000022888183594
18.055000066757202,18.07800006866455,0.023000001907348633
18.05900001525879,18.0770001411438,0.018000125885009766
18.100000143051147,18.121999979019165,0.021999835968017578
18.1010000705719,18.121999979019165,0.020999908447265625
18.105000019073486,18.121999979019165,0.01699995994567871
18.10800004005432,18.128000020980835,0.019999980926513672
18.15000009536743,18.177000045776367,0.026999950408935547
18.151000022888184,18.177000045776367,0.026000022888183594
18.15499997138977,18.17799997329712,0.023000001907348633
18.157999992370605,18.177000045776367,0.01900005340576172
18.200000047683716,18.213000059127808,0.013000011444091797
18.2020001411438,18.22699999809265,0.02499985694885254
18.205000162124634,18.22699999809265,0.021999835968017578
18.20800018310547,18.230000019073486,0.021999835968017578
18.25,18.282000064849854,0.032000064849853516
18.25100016593933,18.264000177383423,0.013000011444091797
18.255000114440918,18.290000200271606,0.03500008583068848
18.259000062942505,18.282000064849854,0.023000001907348633
18.300000190734863,18.348999977111816,0.048999786376953125
18.301000118255615,18.348999977111816,0.04799985885620117
18.305000066757202,18.350000143051147,0.04500007629394531
18.308000087738037,18.35199999809265,0.04399991035461426
18.350000143051147,18.380000114440918,0.029999971389770508
18.35199999809265,18.380000114440918,0.0280001163482666
18.355000019073486,18.380000114440918,0.02500009536743164
18.35800004005432,18.391000032424927,0.03299999237060547
18.40000009536743,18.419000148773193,0.01900005340576172
18.402000188827515,18.419000148773193,0.01699995994567871
18.40499997138977,18.42799997329712,0.023000001907348633
18.407999992370605,18.432000160217285,0.024000167846679688
18.450999975204468,18.469000101089478,0.018000125885009766
18.450999975204468,18.469000101089478,0.018000125885009766
18.455000162124634,18.469000101089478,0.01399993896484375
18.45800018310547,18.483999967575073,0.025999784469604492
18.50100016593933,18.521000146865845,0.019999980926513672
18.50100016593933,18.521000146865845,0.019999980926513672
18.505000114440918,18.521000146865845,0.016000032424926758
18.508000135421753,18.534000158309937,0.026000022888183594
18.550000190734863,18.57200002670288,0.021999835968017578
18.552000045776367,18.57200002670288,0.019999980926513672
18.555999994277954,18.57200002670288,0.016000032424926758
18.55900001525879,18.57800006866455,0.01900005340576172
18.600000143051147,18.615000009536743,0.014999866485595703
18.6010000705719,18.638000011444092,0.03699994087219238
18.605000019073486,18.638000011444092,0.03299999237060547
18.60800004005432,18.638000011444092,0.029999971389770508
18.65000009536743,18.66100001335144,0.010999917984008789
18.652000188827515,18.674000024795532,0.021999835968017578
18.65499997138977,18.674000024795532,0.01900005340576172
18.657999992370605,18.677000045776367,0.01900005340576172
18.700000047683716,18.736000061035156,0.03600001335144043
18.7020001411438,18.736000061035156,0.03399991989135742
18.705000162124634,18.736000061035156,0.03099989891052246
18.70800018310547,18.740000009536743,0.031999826431274414
18.75,18.769999980926514,0.019999980926513672
18.75100016593933,18.771000146865845,0.019999980926513672
18.755000114440918,18.769999980926514,0.014999866485595703
18.759000062942505,18.80299997329712,0.04399991035461426
18.800000190734863,18.81500005722046,0.014999866485595703
18.801000118255615,18.82800006866455,0.026999950408935547
18.805000066757202,18.8510000705719,0.046000003814697266
18.80900001525879,18.832000017166138,0.023000001907348633
18.850000143051147,18.889000177383423,0.03900003433227539
18.85199999809265,18.890000104904175,0.03800010681152344
18.855000019073486,18.892000198364258,0.037000179290771484
18.85800004005432,18.892000198364258,0.03400015830993652
18.90000009536743,18.920000076293945,0.019999980926513672
18.901000022888184,18.920000076293945,0.01900005340576172
18.90499997138977,18.92300009727478,0.018000125885009766
18.907999992370605,18.94000005722046,0.032000064849853516
18.950000047683716,18.978000164031982,0.0280001163482666
18.950999975204468,18.979000091552734,0.0280001163482666
18.955000162124634,18.981000185012817,0.026000022888183594
18.95800018310547,18.979000091552734,0.020999908447265625
19.0,19.026000022888184,0.026000022888183594
19.002000093460083,19.02400016784668,0.02200007438659668
19.005000114440918,19.026000022888184,0.020999908447265625
19.008000135421753,19.026000022888184,0.017999887466430664
19.051000118255615,19.07800006866455,0.026999950408935547
19.051000118255615,19.07800006866455,0.026999950408935547
19.055000066757202,19.07800006866455,0.023000001907348633
19.058000087738037,19.08300018310547,0.02500009536743164
19.100000143051147,19.118000030517578,0.017999887466430664
19.10199999809265,19.118000030517578,0.016000032424926758
19.105000019073486,19.118000030517578,0.013000011444091797
19.10800004005432,19.129000186920166,0.021000146865844727
19.151000022888184,19.171000003814697,0.019999980926513672
19.152000188827515,19.171000003814697,0.018999814987182617
19.15499997138977,19.171000003814697,0.016000032424926758
19.157999992370605,19.17799997329712,0.019999980926513672
19.200000047683716,19.219000101089478,0.01900005340576172
19.2020001411438,19.22699999809265,0.02499985694885254
19.206000089645386,19.22699999809265,0.020999908447265625
19.20800018310547,19.22699999809265,0.018999814987182617
19.25100016593933,19.282000064849854,0.03099989891052246
19.25100016593933,19.282000064849854,0.03099989891052246
19.25600004196167,19.284000158309937,0.0280001163482666
19.258000135421753,19.282000064849854,0.023999929428100586
19.301000118255615,19.318000078201294,0.01699995994567871
19.302000045776367,19.318000078201294,0.016000032424926758
19.305000066757202,19.318000078201294,0.013000011444091797
19.308000087738037,19.330000162124634,0.02200007438659668
19.350000143051147,19.360000133514404,0.009999990463256836
19.3510000705719,19.380000114440918,0.029000043869018555
19.355000019073486,19.380000114440918,0.02500009536743164
19.358999967575073,19.380000114440918,0.021000146865844727
19.40000009536743,19.42200016975403,0.02200007438659668
19.401000022888184,19.42200016975403,0.021000146865844727
19.4060001373291,19.42200016975403,0.016000032424926758
19.407999992370605,19.430000066757202,0.02200007438659668
19.450000047683716,19.472000122070312,0.02200007438659668
19.4520001411438,19.472000122070312,0.019999980926513672
19.455000162124634,19.472000122070312,0.01699995994567871
19.45900011062622,19.478000164031982,0.01900005340576172
19.5,19.5310001373291,0.031000137329101562
19.50100016593933,19.5310001373291,0.029999971389770508
19.505000114440918,19.52999997138977,0.02499985694885254
19.508000135421753,19.532000064849854,0.023999929428100586
19.551000118255615,19.62600016593933,0.07500004768371582
19.552000045776367,19.62600016593933,0.07400012016296387
19.555000066757202,19.625,0.06999993324279785
19.558000087738037,19.62600016593933,0.06800007820129395
19.60199999809265,19.62600016593933,0.024000167846679688
19.610000133514404,19.640000104904175,0.029999971389770508
19.610000133514404,19.65400004386902,0.04399991035461426
19.610000133514404,19.65400004386902,0.04399991035461426
19.65000009536743,19.67200016975403,0.02200007438659668
19.651000022888184,19.67200016975403,0.021000146865844727
19.65499997138977,19.67799997329712,0.023000001907348633
19.657999992370605,19.687000036239624,0.029000043869018555
19.700000047683716,19.71500015258789,0.015000104904174805
19.7020001411438,19.72000002861023,0.017999887466430664
19.705000162124634,19.729000091552734,0.023999929428100586
19.70800018310547,19.72000002861023,0.011999845504760742
19.75100016593933,19.784000158309937,0.03299999237060547
19.75100016593933,19.784000158309937,0.03299999237060547
19.755000114440918,19.788000106811523,0.03299999237060547
19.758000135421753,19.790000200271606,0.032000064849853516
19.800000190734863,19.813000202178955,0.013000011444091797
19.801000118255615,19.830000162124634,0.029000043869018555
19.805000066757202,19.830000162124634,0.02500009536743164
19.808000087738037,19.835000038146973,0.026999950408935547
19.8510000705719,19.88100004196167,0.029999971389770508
19.85199999809265,19.883000135421753,0.031000137329101562
19.856000185012817,19.88100004196167,0.02499985694885254
19.85800004005432,19.883000135421753,0.02500009536743164
19.90000009536743,19.927000045776367,0.026999950408935547
19.902000188827515,19.926000118255615,0.023999929428100586
19.90499997138977,19.927000045776367,0.02200007438659668
19.909000158309937,19.927000045776367,0.017999887466430664
19.950000047683716,19.96500015258789,0.015000104904174805
19.950999975204468,19.98900008201599,0.03800010681152344
19.955000162124634,19.98900008201599,0.03399991989135742
19.95800018310547,19.991000175476074,0.03299999237060547
20.0,20.02400016784668,0.024000167846679688
20.00100016593933,20.02400016784668,0.023000001907348633
20.005000114440918,20.02300000190735,0.017999887466430664
20.008000135421753,20.02900004386902,0.020999908447265625
20.050000190734863,20.075999975204468,0.025999784469604492
20.051000118255615,20.068000078201294,0.01699995994567871
20.055000066757202,20.075999975204468,0.020999908447265625
20.058000087738037,20.08300018310547,0.02500009536743164
20.100000143051147,20.12600016593933,0.026000022888183594
20.1010000705719,20.12600016593933,0.02500009536743164
20.106000185012817,20.131999969482422,0.025999784469604492
20.108999967575073,20.127000093460083,0.018000125885009766
20.15000009536743,20.17200016975403,0.02200007438659668
20.152000188827515,20.17300009727478,0.020999908447265625
20.15499997138977,20.17300009727478,0.018000125885009766
20.157999992370605,20.180999994277954,0.023000001907348633
20.200000047683716,20.210999965667725,0.010999917984008789
20.2020001411438,20.22000002861023,0.017999887466430664
20.205000162124634,20.219000101089478,0.01399993896484375
20.20800018310547,20.231000185012817,0.023000001907348633
20.25,20.266000032424927,0.016000032424926758
20.25100016593933,20.27500009536743,0.023999929428100586
20.25600004196167,20.27500009536743,0.01900005340576172
20.259000062942505,20.27500009536743,0.016000032424926758
20.301000118255615,20.328999996185303,0.0279998779296875
20.302000045776367,20.32800006866455,0.026000022888183594
20.305999994277954,20.330000162124634,0.024000167846679688
20.308000087738037,20.328999996185303,0.020999908447265625
20.350000143051147,20.379000186920166,0.029000043869018555
20.35199999809265,20.378000020980835,0.026000022888183594
20.356000185012817,20.379000186920166,0.023000001907348633
20.35800004005432,20.379000186920166,0.021000146865844727
20.40000009536743,20.421000003814697,0.020999908447265625
20.401000022888184,20.421000003814697,0.019999980926513672
20.40499997138977,20.421000003814697,0.016000032424926758
20.409000158309937,20.43500018119812,0.026000022888183594
20.450000047683716,20.47699999809265,0.026999950408935547
20.4520001411438,20.48200011253357,0.029999971389770508
20.455000162124634,20.47699999809265,0.021999835968017578
20.45800018310547,20.490000009536743,0.031999826431274414
20.5,20.52300000190735,0.023000001907348633
20.50100016593933,20.522000074386597,0.020999908447265625
20.50600004196167,20.52300000190735,0.01699995994567871
20.508000135421753,20.528000116348267,0.019999980926513672
20.550000190734863,20.57100009918213,0.020999908447265625
20.552000045776367,20.57100009918213,0.01900005340576172
20.555000066757202,20.57100009918213,0.016000032424926758
20.558000087738037,20.591000080108643,0.03299999237060547
20.600000143051147,20.627000093460083,0.026999950408935547
20.60199999809265,20.627000093460083,0.02500009536743164
20.605000019073486,20.628000020980835,0.023000001907348633
20.60800004005432,20.627000093460083,0.01900005340576172
20.65000009536743,20.663000106811523,0.013000011444091797
20.652000188827515,20.670000076293945,0.017999887466430664
20.6560001373291,20.674000024795532,0.017999887466430664
20.659000158309937,20.674000024795532,0.014999866485595703
20.700000047683716,20.73800015449524,0.03800010681152344
20.700999975204468,20.73800015449524,0.037000179290771484
20.706000089645386,20.795000076293945,0.08899998664855957
20.70800018310547,20.73800015449524,0.029999971389770508
20.75,20.825000047683716,0.07500004768371582
20.75100016593933,20.818000078201294,0.06699991226196289
20.755000114440918,20.824000120162964,0.0690000057220459
20.759000062942505,20.818000078201294,0.05900001525878906
20.800000190734863,20.835999965667725,0.03599977493286133
20.802000045776367,20.84600019454956,0.04400014877319336
20.805000066757202,20.84500002861023,0.039999961853027344
20.80900001525879,20.847000122070312,0.03800010681152344
20.850000143051147,20.868000030517578,0.017999887466430664
20.8510000705719,20.868000030517578,0.01699995994567871
20.856000185012817,20.88700008392334,0.03099989891052246
20.858999967575073,20.888000011444092,0.029000043869018555
20.90000009536743,20.926000118255615,0.026000022888183594
20.901000022888184,20.926000118255615,0.02500009536743164
20.9060001373291,20.933000087738037,0.026999950408935547
20.907999992370605,20.926000118255615,0.018000125885009766
20.950999975204468,20.969000101089478,0.018000125885009766
20.9520001411438,20.969000101089478,0.01699995994567871
20.955000162124634,20.969000101089478,0.01399993896484375
20.95800018310547,20.986999988555908,0.028999805450439453
21.0,21.0310001373291,0.031000137329101562
21.002000093460083,21.032000064849854,0.029999971389770508
21.005000114440918,21.032000064849854,0.026999950408935547
21.008000135421753,21.044000148773193,0.03600001335144043
21.050000190734863,21.06000018119812,0.009999990463256836
21.051000118255615,21.0770001411438,0.026000022888183594
21.055000066757202,21.0770001411438,0.02200007438659668
21.058000087738037,21.082000017166138,0.023999929428100586
21.1010000705719,21.130000114440918,0.029000043869018555
21.10199999809265,21.130000114440918,0.0280001163482666
21.106000185012817,21.130000114440918,0.023999929428100586
21.108999967575073,21.131999969482422,0.023000001907348633
21.15000009536743,21.176000118255615,0.026000022888183594
21.152000188827515,21.176000118255615,0.023999929428100586
21.1560001373291,21.176000118255615,0.019999980926513672
21.159000158309937,21.18400001525879,0.02499985694885254
21.200000047683716,21.218000173568726,0.018000125885009766
21.2020001411438,21.241000175476074,0.03900003433227539
21.206000089645386,21.241000175476074,0.03500008583068848
21.20900011062622,21.27400016784668,0.06500005722045898
21.25100016593933,21.30400013923645,0.05299997329711914
21.252000093460083,21.30400013923645,0.05200004577636719
21.255000114440918,21.30400013923645,0.04900002479553223
21.258000135421753,21.30400013923645,0.046000003814697266
21.301000118255615,21.33300018310547,0.032000064849853516
21.302000045776367,21.337000131607056,0.03500008583068848
21.305000066757202,21.33300018310547,0.0280001163482666
21.308000087738037,21.337000131607056,0.029000043869018555
21.3510000705719,21.366000175476074,0.015000104904174805
21.35199999809265,21.366000175476074,0.014000177383422852
21.355000019073486,21.38700008392334,0.032000064849853516
21.35800004005432,21.38700008392334,0.029000043869018555
21.401000022888184,21.43400001525879,0.03299999237060547
21.402000188827515,21.436000108718872,0.03399991989135742
21.40499997138977,21.43400001525879,0.029000043869018555
21.407999992370605,21.436000108718872,0.0280001163482666
21.450000047683716,21.480000019073486,0.029999971389770508
21.450999975204468,21.480000019073486,0.029000043869018555
21.455000162124634,21.480000019073486,0.02499985694885254
21.45800018310547,21.485000133514404,0.026999950408935547
21.5,21.517000198364258,0.017000198364257812
21.50100016593933,21.517000198364258,0.016000032424926758
21.50600004196167,21.532999992370605,0.026999950408935547
21.508000135421753,21.52900004386902,0.020999908447265625
21.550000190734863,21.562000036239624,0.011999845504760742
21.552000045776367,21.57100009918213,0.01900005340576172
21.555000066757202,21.57100009918213,0.016000032424926758
21.558000087738037,21.578999996185303,0.020999908447265625
21.600000143051147,21.615000009536743,0.014999866485595703
21.60199999809265,21.615000009536743,0.013000011444091797
21.605000019073486,21.63100004196167,0.026000022888183594
21.608999967575073,21.63100004196167,0.02200007438659668
21.65000009536743,21.66100001335144,0.010999917984008789
21.652000188827515,21.671000003814697,0.018999814987182617
21.65499997138977,21.671000003814697,0.016000032424926758
21.657999992370605,21.67799997329712,0.019999980926513672
21.700000047683716,21.723999977111816,0.023999929428100586
21.700999975204468,21.723999977111816,0.023000001907348633
21.705000162124634,21.736999988555908,0.031999826431274414
21.70900011062622,21.723999977111816,0.014999866485595703
21.75,21.77300000190735,0.023000001907348633
21.752000093460083,21.77300000190735,0.020999908447265625
21.755000114440918,21.77300000190735,0.017999887466430664
21.759000062942505,21.782999992370605,0.023999929428100586
21.800000190734863,21.82200002670288,0.021999835968017578
21.801000118255615,21.82200002670288,0.020999908447265625
21.805000066757202,21.82200002670288,0.01699995994567871
21.80900001525879,21.83899998664856,0.029999971389770508
21.850000143051147,21.881999969482422,0.031999826431274414
21.8510000705719,21.881999969482422,0.03099989891052246
21.856000185012817,21.884000062942505,0.0279998779296875
21.85800004005432,21.89400005340576,0.03600001335144043
21.90000009536743,21.927000045776367,0.026999950408935547
21.901000022888184,21.914000034332275,0.013000011444091797
21.90499997138977,21.939000129699707,0.03400015830993652
21.909000158309937,21.926000118255615,0.01699995994567871
21.950999975204468,21.973000049591064,0.02200007438659668
21.950999975204468,21.973000049591064,0.02200007438659668
21.955000162124634,21.973000049591064,0.017999887466430664
21.95900011062622,21.975000143051147,0.016000032424926758
22.00100016593933,22.022000074386597,0.020999908447265625
22.002000093460083,22.021000146865845,0.01900005340576172
22.00600004196167,22.021000146865845,0.015000104904174805
22.009000062942505,22.038000106811523,0.029000043869018555
22.050000190734863,22.06599998474121,0.015999794006347656
22.051000118255615,22.075999975204468,0.02499985694885254
22.055000066757202,22.075000047683716,0.019999980926513672
22.058000087738037,22.091000080108643,0.03299999237060547
22.100000143051147,22.128000020980835,0.0279998779296875
22.1010000705719,22.128000020980835,0.026999950408935547
22.106000185012817,22.134999990463257,0.028999805450439453
22.10800004005432,22.128000020980835,0.019999980926513672
22.15000009536743,22.174000024795532,0.023999929428100586
22.152000188827515,22.17300009727478,0.020999908447265625
22.1560001373291,22.183000087738037,0.026999950408935547
22.159000158309937,22.17300009727478,0.01399993896484375
22.200000047683716,22.225000143051147,0.02500009536743164
22.2020001411438,22.225000143051147,0.023000001907348633
22.206000089645386,22.23800015449524,0.032000064849853516
22.20800018310547,22.225000143051147,0.01699995994567871
22.25,22.27400016784668,0.024000167846679688
22.252000093460083,22.27300000190735,0.020999908447265625
22.255000114440918,22.27400016784668,0.01900005340576172
22.259000062942505,22.27400016784668,0.015000104904174805
22.300000190734863,22.324000120162964,0.023999929428100586
22.302000045776367,22.324000120162964,0.02200007438659668
22.305999994277954,22.324000120162964,0.018000125885009766
22.30900001525879,22.341000080108643,0.032000064849853516
22.350000143051147,22.374000072479248,0.023999929428100586
22.35199999809265,22.374000072479248,0.02200007438659668
22.356000185012817,22.375,0.018999814987182617
22.358999967575073,22.392000198364258,0.03300023078918457
22.40000009536743,22.424000024795532,0.023999929428100586
22.402000188827515,22.41600012779236,0.01399993896484375
22.4060001373291,22.424000024795532,0.017999887466430664
22.407999992370605,22.433000087738037,0.02500009536743164
22.450000047683716,22.480000019073486,0.029999971389770508
22.4520001411438,22.481000185012817,0.029000043869018555
22.456000089645386,22.485000133514404,0.029000043869018555
22.45800018310547,22.481000185012817,0.023000001907348633
22.5,22.538000106811523,0.03800010681152344
22.502000093460083,22.538000106811523,0.03600001335144043
22.505000114440918,22.54800009727478,0.042999982833862305
22.509000062942505,22.538000106811523,0.029000043869018555
22.550000190734863,22.56599998474121,0.015999794006347656
22.551000118255615,22.573000192642212,0.02200007438659668
22.555000066757202,22.573000192642212,0.018000125885009766
22.55900001525879,22.585000038146973,0.026000022888183594
22.600000143051147,22.621999979019165,0.021999835968017578
22.6010000705719,22.621999979019165,0.020999908447265625
22.606000185012817,22.621999979019165,0.015999794006347656
22.60800004005432,22.634000062942505,0.026000022888183594
22.651000022888184,22.66100001335144,0.009999990463256836
22.651000022888184,22.670000076293945,0.01900005340576172
22.65499997138977,22.669000148773193,0.014000177383422852
22.659000158309937,22.683000087738037,0.023999929428100586
22.700000047683716,22.7260000705719,0.026000022888183594
22.7020001411438,22.71399998664856,0.011999845504760742
22.705000162124634,22.7260000705719,0.020999908447265625
22.70900011062622,22.7260000705719,0.01699995994567871
22.75,22.77900004386902,0.029000043869018555
22.75100016593933,22.778000116348267,0.026999950408935547
22.755000114440918,22.778000116348267,0.023000001907348633
22.758000135421753,22.79200005531311,0.03399991989135742
22.800000190734863,22.823000192642212,0.023000001907348633
22.802000045776367,22.823000192642212,0.021000146865844727
22.805999994277954,22.824000120162964,0.018000125885009766
22.80900001525879,22.84000015258789,0.031000137329101562
22.850000143051147,22.87000012397766,0.019999980926513672
22.85199999809265,22.87000012397766,0.018000125885009766
22.855000019073486,22.87000012397766,0.015000104904174805
22.85800004005432,22.896000146865845,0.03800010681152344
22.901000022888184,22.925000190734863,0.024000167846679688
22.901000022888184,22.913000106811523,0.012000083923339844
22.9060001373291,22.92799997329712,0.021999835968017578
22.907999992370605,22.925000190734863,0.017000198364257812
22.950000047683716,22.975000143051147,0.02500009536743164
22.950999975204468,22.975000143051147,0.024000167846679688
22.956000089645386,22.979000091552734,0.023000001907348633
22.95800018310547,22.975000143051147,0.01699995994567871
23.00100016593933,23.022000074386597,0.020999908447265625
23.002000093460083,23.02300000190735,0.020999908447265625
23.00600004196167,23.022000074386597,0.016000032424926758
23.009000062942505,23.02900004386902,0.019999980926513672
23.051000118255615,23.073000192642212,0.02200007438659668
23.051000118255615,23.073000192642212,0.02200007438659668
23.055000066757202,23.073000192642212,0.018000125885009766
23.05900001525879,23.0770001411438,0.018000125885009766
23.100000143051147,23.11900019645691,0.01900005340576172
23.10199999809265,23.118000030517578,0.016000032424926758
23.105000019073486,23.11900019645691,0.014000177383422852
23.10800004005432,23.125,0.01699995994567871
23.151000022888184,23.182000160217285,0.031000137329101562
23.152000188827515,23.182000160217285,0.029999971389770508
23.15499997138977,23.182000160217285,0.02700018882751465
23.157999992370605,23.19700002670288,0.03900003433227539
23.200000047683716,23.210999965667725,0.010999917984008789
23.200999975204468,23.230000019073486,0.029000043869018555
23.205000162124634,23.230000019073486,0.02499985694885254
23.20800018310547,23.240000009536743,0.031999826431274414
23.25,23.32800006866455,0.07800006866455078
23.25100016593933,23.33300018310547,0.0820000171661377
23.25600004196167,23.3270001411438,0.0710000991821289
23.259000062942505,23.32800006866455,0.0690000057220459
23.300000190734863,23.338000059127808,0.037999868392944336
23.301000118255615,23.338000059127808,0.03699994087219238
23.305999994277954,23.332000017166138,0.026000022888183594
23.308000087738037,23.338000059127808,0.029999971389770508
23.3510000705719,23.367000102996826,0.016000032424926758
23.35199999809265,23.367000102996826,0.015000104904174805
23.356000185012817,23.384999990463257,0.028999805450439453
23.358999967575073,23.407000064849854,0.04800009727478027
23.40000009536743,23.419000148773193,0.01900005340576172
23.402000188827515,23.417999982833862,0.015999794006347656
23.40499997138977,23.43500018119812,0.03000020980834961
23.407999992370605,23.43500018119812,0.02700018882751465
23.450000047683716,23.473000049591064,0.023000001907348633
23.4520001411438,23.472000122070312,0.019999980926513672
23.456000089645386,23.4760000705719,0.019999980926513672
23.45900011062622,23.483999967575073,0.02499985694885254
23.5,23.532000064849854,0.032000064849853516
23.502000093460083,23.532000064849854,0.029999971389770508
23.505000114440918,23.53500008583069,0.029999971389770508
23.509000062942505,23.54700016975403,0.03800010681152344
23.550000190734863,23.575000047683716,0.02499985694885254
23.551000118255615,23.575000047683716,0.023999929428100586
23.555000066757202,23.600000143051147,0.04500007629394531
23.558000087738037,23.598999977111816,0.0409998893737793
23.600000143051147,23.631999969482422,0.031999826431274414
23.60199999809265,23.631999969482422,0.029999971389770508
23.605000019073486,23.631999969482422,0.026999950408935547
23.60800004005432,23.66000008583069,0.05200004577636719
23.65000009536743,23.7260000705719,0.07599997520446777
23.651000022888184,23.706000089645386,0.05500006675720215
23.65499997138977,23.706000089645386,0.051000118255615234
23.659000158309937,23.707000017166138,0.04799985885620117
23.700000047683716,23.7260000705719,0.026000022888183594
23.7020001411438,23.735000133514404,0.03299999237060547
23.705000162124634,23.735000133514404,0.029999971389770508
23.70900011062622,23.746999979019165,0.037999868392944336
23.75,23.776000022888184,0.026000022888183594
23.752000093460083,23.76800012588501,0.016000032424926758
23.755000114440918,23.776000022888184,0.020999908447265625
23.759000062942505,23.77900004386902,0.019999980926513672
23.800000190734863,23.812000036239624,0.011999845504760742
23.801000118255615,23.825999975204468,0.02499985694885254
23.805000066757202,23.82800006866455,0.023000001907348633
23.808000087738037,23.825999975204468,0.017999887466430664
23.850000143051147,23.88100004196167,0.03099989891052246
23.8510000705719,23.88100004196167,0.029999971389770508
23.855000019073486,23.884999990463257,0.029999971389770508
23.85800004005432,23.88100004196167,0.023000001907348633
23.901000022888184,23.92200016975403,0.021000146865844727
23.902000188827515,23.92200016975403,0.019999980926513672
23.90499997138977,23.92200016975403,0.017000198364257812
23.907999992370605,23.943000078201294,0.03500008583068848
23.950000047683716,23.972000122070312,0.02200007438659668
23.9520001411438,23.972000122070312,0.019999980926513672
23.956000089645386,23.973999977111816,0.017999887466430664
23.95800018310547,23.972000122070312,0.01399993896484375
24.0,24.045000076293945,0.04500007629394531
24.002000093460083,24.045000076293945,0.042999982833862305
24.005000114440918,24.04700016975403,0.04200005531311035
24.009000062942505,24.045000076293945,0.03600001335144043
24.050000190734863,24.075000047683716,0.02499985694885254
24.052000045776367,24.074000120162964,0.02200007438659668
24.055999994277954,24.074000120162964,0.018000125885009766
24.05900001525879,24.085999965667725,0.026999950408935547
24.100000143051147,24.12000012397766,0.019999980926513672
24.1010000705719,24.12000012397766,0.01900005340576172
24.106000185012817,24.128000020980835,0.021999835968017578
24.108999967575073,24.128000020980835,0.01900005340576172
24.15000009536743,24.189000129699707,0.03900003433227539
24.152000188827515,24.188000202178955,0.03600001335144043
24.15499997138977,24.189000129699707,0.03400015830993652
24.157999992370605,24.188000202178955,0.03000020980834961
24.200000047683716,24.22000002861023,0.019999980926513672
24.2020001411438,24.219000101089478,0.01699995994567871
24.206000089645386,24.229000091552734,0.023000001907348633
24.20900011062622,24.231000185012817,0.02200007438659668
24.25,24.26900005340576,0.01900005340576172
24.252000093460083,24.269999980926514,0.017999887466430664
24.255000114440918,24.27500009536743,0.019999980926513672
24.258000135421753,24.276000022888184,0.017999887466430664
24.300000190734863,24.319000005722046,0.018999814987182617
24.301000118255615,24.314000129699707,0.013000011444091797
24.305000066757202,24.3270001411438,0.02200007438659668
24.308000087738037,24.319000005722046,0.010999917984008789
24.350000143051147,24.374000072479248,0.023999929428100586
24.3510000705719,24.374000072479248,0.023000001907348633
24.356000185012817,24.374000072479248,0.017999887466430664
24.358999967575073,24.391000032424927,0.032000064849853516
24.401000022888184,24.43400001525879,0.03299999237060547
24.402000188827515,24.415000200271606,0.013000011444091797
24.40499997138977,24.43400001525879,0.029000043869018555
24.407999992370605,24.43400001525879,0.026000022888183594
24.450000047683716,24.480000019073486,0.029999971389770508
24.450999975204468,24.481000185012817,0.03000020980834961
24.456000089645386,24.481000185012817,0.02500009536743164
24.45900011062622,24.496000051498413,0.03699994087219238
24.5,24.52300000190735,0.023000001907348633
24.50100016593933,24.515000104904175,0.01399993896484375
24.50600004196167,24.52300000190735,0.01699995994567871
24.508000135421753,24.53700017929077,0.029000043869018555
24.550000190734863,24.561000108718872,0.010999917984008789
24.552000045776367,24.5770001411438,0.02500009536743164
24.555000066757202,24.585000038146973,0.029999971389770508
24.558000087738037,24.585000038146973,0.026999950408935547
24.6010000705719,24.615000009536743,0.01399993896484375
24.60199999809265,24.621999979019165,0.019999980926513672
24.605000019073486,24.621999979019165,0.01699995994567871
24.60800004005432,24.630000114440918,0.02200007438659668
24.65000009536743,24.67799997329712,0.0279998779296875
24.651000022888184,24.683000087738037,0.032000064849853516
24.65499997138977,24.67799997329712,0.023000001907348633
24.659000158309937,24.683000087738037,0.023999929428100586
24.700999975204468,24.72100019454956,0.020000219345092773
24.7020001411438,24.72000002861023,0.017999887466430664
24.705000162124634,24.72000002861023,0.014999866485595703
24.70800018310547,24.735000133514404,0.026999950408935547
24.75100016593933,24.778000116348267,0.026999950408935547
24.752000093460083,24.778000116348267,0.026000022888183594
24.755000114440918,24.782000064849854,0.026999950408935547
24.758000135421753,24.778000116348267,0.019999980926513672
24.800000190734863,24.811000108718872,0.010999917984008789
24.801000118255615,24.830000162124634,0.029000043869018555
24.805999994277954,24.830000162124634,0.024000167846679688
24.80900001525879,24.832000017166138,0.023000001907348633
24.8510000705719,24.87600016593933,0.02500009536743164
24.8510000705719,24.87600016593933,0.02500009536743164
24.856000185012817,24.884000062942505,0.0279998779296875
24.85800004005432,24.87600016593933,0.018000125885009766
24.901000022888184,24.92200016975403,0.021000146865844727
24.901000022888184,24.921000003814697,0.019999980926513672
24.90499997138977,24.921000003814697,0.016000032424926758
24.909000158309937,24.95800018310547,0.04900002479553223
24.950000047683716,24.97000002861023,0.019999980926513672
24.9520001411438,24.97000002861023,0.017999887466430664
24.956000089645386,24.975000143051147,0.01900005340576172
24.95800018310547,24.980000019073486,0.021999835968017578
25.0,25.02500009536743,0.02500009536743164
25.002000093460083,25.02500009536743,0.023000001907348633
25.00600004196167,25.02500009536743,0.01900005340576172
25.008000135421753,25.03500008583069,0.026999950408935547
25.050000190734863,25.062000036239624,0.011999845504760742
25.052000045776367,25.07100009918213,0.01900005340576172
25.055000066757202,25.07100009918213,0.016000032424926758
25.05900001525879,25.085999965667725,0.026999950408935547
25.100000143051147,25.116000175476074,0.016000032424926758
25.10199999809265,25.116000175476074,0.014000177383422852
25.106000185012817,25.131999969482422,0.025999784469604492
25.108999967575073,25.13100004196167,0.02200007438659668
25.15000009536743,25.17799997329712,0.0279998779296875
25.152000188827515,25.17799997329712,0.025999784469604492
25.15499997138977,25.17900013923645,0.024000167846679688
25.157999992370605,25.17799997329712,0.019999980926513672
25.200999975204468,25.217000007629395,0.016000032424926758
25.2020001411438,25.217000007629395,0.014999866485595703
25.205000162124634,25.228000164031982,0.023000001907348633
25.20800018310547,25.223000049591064,0.014999866485595703
25.25,25.27300000190735,0.023000001907348633
25.252000093460083,25.272000074386597,0.019999980926513672
25.255000114440918,25.272000074386597,0.01699995994567871
25.258000135421753,25.289000034332275,0.03099989891052246
25.300000190734863,25.32100009918213,0.020999908447265625
25.302000045776367,25.32100009918213,0.01900005340576172
25.305999994277954,25.331000089645386,0.02500009536743164
25.30900001525879,25.32800006866455,0.01900005340576172
25.350000143051147,25.378000020980835,0.0279998779296875
25.35199999809265,25.379000186920166,0.02700018882751465
25.356000185012817,25.379000186920166,0.023000001907348633
25.35800004005432,25.383000135421753,0.02500009536743164
25.40000009536743,25.41700005531311,0.01699995994567871
25.402000188827515,25.41700005531311,0.014999866485595703
25.40499997138977,25.425000190734863,0.020000219345092773
25.409000158309937,25.425000190734863,0.016000032424926758
25.450999975204468,25.46500015258789,0.014000177383422852
25.4520001411438,25.46500015258789,0.013000011444091797
25.455000162124634,25.47699999809265,0.021999835968017578
25.45900011062622,25.47699999809265,0.017999887466430664
25.5,25.52999997138977,0.029999971389770508
25.502000093460083,25.5310001373291,0.029000043869018555
25.505000114440918,25.52900004386902,0.023999929428100586
25.508000135421753,25.52999997138977,0.021999835968017578
25.550000190734863,25.575000047683716,0.02499985694885254
25.551000118255615,25.56500005722046,0.01399993896484375
25.555000066757202,25.578999996185303,0.023999929428100586
25.558000087738037,25.575000047683716,0.01699995994567871
25.6010000705719,25.618000030517578,0.01699995994567871
25.60199999809265,25.628000020980835,0.026000022888183594
25.605000019073486,25.618000030517578,0.013000011444091797
25.608999967575073,25.628000020980835,0.01900005340576172
25.651000022888184,25.67300009727478,0.02200007438659668
25.652000188827515,25.67200016975403,0.019999980926513672
25.6560001373291,25.67900013923645,0.023000001907348633
25.657999992370605,25.69600009918213,0.03800010681152344
25.700000047683716,25.722000122070312,0.02200007438659668
25.700999975204468,25.722000122070312,0.021000146865844727
25.705000162124634,25.74400019645691,0.03900003433227539
25.70800018310547,25.725000143051147,0.01699995994567871
25.75,25.767000198364258,0.017000198364257812
25.752000093460083,25.767000198364258,0.015000104904174805
25.755000114440918,25.776000022888184,0.020999908447265625
25.759000062942505,25.782000064849854,0.023000001907348633
25.801000118255615,25.828999996185303,0.0279998779296875
25.802000045776367,25.828999996185303,0.026999950408935547
25.805000066757202,25.828999996185303,0.023999929428100586
25.80900001525879,25.830000162124634,0.021000146865844727
25.850000143051147,25.880000114440918,0.029999971389770508
25.85199999809265,25.880000114440918,0.0280001163482666
25.856000185012817,25.880000114440918,0.023999929428100586
25.85800004005432,25.889000177383423,0.031000137329101562
25.90000009536743,25.921000003814697,0.020999908447265625
25.901000022888184,25.921000003814697,0.019999980926513672
25.9060001373291,25.930000066757202,0.023999929428100586
25.907999992370605,25.930000066757202,0.02200007438659668
25.950999975204468,25.973999977111816,0.023000001907348633
25.950999975204468,25.973999977111816,0.023000001907348633
25.955000162124634,25.975000143051147,0.019999980926513672
25.95900011062622,25.99500012397766,0.03600001335144043
26.0,26.016000032424927,0.016000032424926758
26.002000093460083,26.016000032424927,0.01399993896484375
26.005000114440918,26.021000146865845,0.016000032424926758
26.008000135421753,26.050000190734863,0.04200005531311035
26.050000190734863,26.067000150680542,0.01699995994567871
26.052000045776367,26.067000150680542,0.015000104904174805
26.055999994277954,26.067000150680542,0.01100015640258789
26.058000087738037,26.08400011062622,0.026000022888183594
26.100000143051147,26.129000186920166,0.029000043869018555
26.1010000705719,26.129000186920166,0.0280001163482666
26.106000185012817,26.13100004196167,0.02499985694885254
26.10800004005432,26.134000062942505,0.026000022888183594
26.15000009536743,26.163000106811523,0.013000011444091797
26.152000188827515,26.175000190734863,0.023000001907348633
26.15499997138977,26.174000024795532,0.01900005340576172
26.159000158309937,26.180999994277954,0.021999835968017578
26.200000047683716,26.225000143051147,0.02500009536743164
26.2020001411438,26.2260000705719,0.023999929428100586
26.205000162124634,26.23900008201599,0.03399991989135742
26.20800018310547,26.2260000705719,0.017999887466430664
26.25,26.26800012588501,0.018000125885009766
26.252000093460083,26.282000064849854,0.029999971389770508
26.255000114440918,26.282000064849854,0.026999950408935547
26.258000135421753,26.27999997138977,0.021999835968017578
26.301000118255615,26.32800006866455,0.026999950408935547
26.301000118255615,26.3270001411438,0.026000022888183594
26.305999994277954,26.32800006866455,0.02200007438659668
26.308000087738037,26.3270001411438,0.01900005340576172
26.3510000705719,26.378000020980835,0.026999950408935547
26.35199999809265,26.378000020980835,0.026000022888183594
26.355000019073486,26.379000186920166,0.024000167846679688
26.358999967575073,26.378000020980835,0.01900005340576172
26.401000022888184,26.41600012779236,0.015000104904174805
26.401000022888184,26.427000045776367,0.026000022888183594
26.4060001373291,26.427000045776367,0.020999908447265625
26.407999992370605,26.439000129699707,0.031000137329101562
26.450999975204468,26.47000002861023,0.01900005340576172
26.450999975204468,26.463000059127808,0.012000083923339844
26.456000089645386,26.48900008201599,0.03299999237060547
26.45800018310547,26.478000164031982,0.019999980926513672
26.50100016593933,26.52300000190735,0.021999835968017578
26.502000093460083,26.52300000190735,0.020999908447265625
26.505000114440918,26.52300000190735,0.017999887466430664
26.509000062942505,26.528000116348267,0.01900005340576172
26.550000190734863,26.570000171661377,0.019999980926513672
26.552000045776367,26.570000171661377,0.018000125885009766
26.555000066757202,26.580000162124634,0.02500009536743164
26.55900001525879,26.580000162124634,0.021000146865844727
26.600000143051147,26.623000144958496,0.023000001907348633
26.6010000705719,26.623000144958496,0.02200007438659668
26.606000185012817,26.623000144958496,0.01699995994567871
26.608999967575073,26.62600016593933,0.017000198364257812
26.651000022888184,26.66700005531311,0.016000032424926758
26.652000188827515,26.66700005531311,0.014999866485595703
26.65499997138977,26.674000024795532,0.01900005340576172
26.659000158309937,26.682000160217285,0.023000001907348633
26.700000047683716,26.717000007629395,0.01699995994567871
26.700999975204468,26.73300004005432,0.032000064849853516
26.705000162124634,26.73200011253357,0.026999950408935547
26.70800018310547,26.73300004005432,0.02499985694885254
26.75,26.77900004386902,0.029000043869018555
26.752000093460083,26.76900005340576,0.01699995994567871
26.755000114440918,26.76800012588501,0.013000011444091797
26.758000135421753,26.77900004386902,0.020999908447265625
26.801000118255615,26.818000078201294,0.01699995994567871
26.802000045776367,26.818000078201294,0.016000032424926758
26.805000066757202,26.841000080108643,0.03600001335144043
26.80900001525879,26.828999996185303,0.019999980926513672
26.8510000705719,26.871000051498413,0.019999980926513672
26.85199999809265,26.871000051498413,0.01900005340576172
26.856000185012817,26.871000051498413,0.014999866485595703
26.858999967575073,26.87600016593933,0.017000198364257812
26.901000022888184,26.91200017929077,0.01100015640258789
26.902000188827515,26.92300009727478,0.020999908447265625
26.90499997138977,26.92300009727478,0.018000125885009766
26.907999992370605,26.927000045776367,0.01900005340576172
26.950999975204468,26.96500015258789,0.014000177383422852
26.9520001411438,26.96500015258789,0.013000011444091797
26.955000162124634,26.9760000705719,0.020999908447265625
26.95900011062622,26.9760000705719,0.01699995994567871
27.0,27.02400016784668,0.024000167846679688
27.00100016593933,27.02400016784668,0.023000001907348633
27.005000114440918,27.02999997138977,0.02499985694885254
27.008000135421753,27.02400016784668,0.016000032424926758
27.050000190734863,27.07100009918213,0.020999908447265625
27.052000045776367,27.07100009918213,0.01900005340576172
27.055999994277954,27.098999977111816,0.042999982833862305
27.05900001525879,27.074000120162964,0.015000104904174805
27.1010000705719,27.131999969482422,0.03099989891052246
27.10199999809265,27.131999969482422,0.029999971389770508
27.105000019073486,27.133000135421753,0.0280001163482666
27.108999967575073,27.133000135421753,0.024000167846679688
27.15000009536743,27.163000106811523,0.013000011444091797
27.152000188827515,27.17300009727478,0.020999908447265625
27.15499997138977,27.17300009727478,0.018000125885009766
27.159000158309937,27.176000118255615,0.01699995994567871
27.200999975204468,27.230000019073486,0.029000043869018555
27.2020001411438,27.230000019073486,0.0279998779296875
27.206000089645386,27.23200011253357,0.026000022888183594
27.20800018310547,27.230000019073486,0.021999835968017578
27.25100016593933,27.265000104904175,0.01399993896484375
27.252000093460083,27.27500009536743,0.023000001907348633
27.255000114440918,27.27500009536743,0.019999980926513672
27.258000135421753,27.289000034332275,0.03099989891052246
27.300000190734863,27.325999975204468,0.025999784469604492
27.302000045776367,27.319000005722046,0.01699995994567871
27.305000066757202,27.325999975204468,0.020999908447265625
27.30900001525879,27.332000017166138,0.023000001907348633
27.3510000705719,27.374000072479248,0.023000001907348633
27.35199999809265,27.373000144958496,0.021000146865844727
27.355000019073486,27.374000072479248,0.01900005340576172
27.35800004005432,27.394999980926514,0.03699994087219238
27.40000009536743,27.41600012779236,0.016000032424926758
27.401000022888184,27.41600012779236,0.015000104904174805
27.4060001373291,27.426000118255615,0.019999980926513672
27.407999992370605,27.44099998474121,0.03299999237060547
27.450999975204468,27.478000164031982,0.02700018882751465
27.4520001411438,27.478000164031982,0.026000022888183594
27.455000162124634,27.48300004005432,0.0279998779296875
27.45900011062622,27.478000164031982,0.01900005340576172
27.5,27.532000064849854,0.032000064849853516
27.50100016593933,27.532000064849854,0.03099989891052246
27.505000114440918,27.53500008583069,0.029999971389770508
27.509000062942505,27.532000064849854,0.023000001907348633
27.550000190734863,27.574000120162964,0.023999929428100586
27.551000118255615,27.574000120162964,0.023000001907348633
27.555999994277954,27.587000131607056,0.031000137329101562
27.55900001525879,27.574000120162964,0.015000104904174805
27.600000143051147,27.623000144958496,0.023000001907348633
27.60199999809265,27.623000144958496,0.021000146865844727
27.605000019073486,27.623000144958496,0.018000125885009766
27.608999967575073,27.625,0.016000032424926758
27.651000022888184,27.677000045776367,0.026000022888183594
27.651000022888184,27.677000045776367,0.026000022888183594
27.65499997138977,27.677000045776367,0.02200007438659668
27.657999992370605,27.680999994277954,0.023000001907348633
27.700999975204468,27.729000091552734,0.0280001163482666
27.7020001411438,27.729000091552734,0.026999950408935547
27.705000162124634,27.730000019073486,0.02499985694885254
27.70800018310547,27.729000091552734,0.020999908447265625
27.75,27.76900005340576,0.01900005340576172
27.752000093460083,27.76900005340576,0.01699995994567871
27.75600004196167,27.76900005340576,0.013000011444091797
27.759000062942505,27.776000022888184,0.01699995994567871
27.800000190734863,27.820000171661377,0.019999980926513672
27.802000045776367,27.813000202178955,0.01100015640258789
27.805000066757202,27.820000171661377,0.015000104904174805
27.80900001525879,27.828999996185303,0.019999980926513672
27.8510000705719,27.861000061035156,0.009999990463256836
27.85199999809265,27.87600016593933,0.024000167846679688
27.856000185012817,27.87600016593933,0.019999980926513672
27.858999967575073,27.889000177383423,0.03000020980834961
27.90000009536743,27.933000087738037,0.03299999237060547
27.902000188827515,27.933000087738037,0.03099989891052246
27.9060001373291,27.943000078201294,0.03699994087219238
27.909000158309937,27.936000108718872,0.026999950408935547
27.950999975204468,27.96500015258789,0.014000177383422852
27.950999975204468,27.98300004005432,0.032000064849853516
27.956000089645386,27.98200011253357,0.026000022888183594
27.95900011062622,27.98200011253357,0.023000001907348633
28.0,28.01800012588501,0.018000125885009766
28.002000093460083,28.01800012588501,0.016000032424926758
28.005000114440918,28.01800012588501,0.013000011444091797
28.008000135421753,28.032999992370605,0.02499985694885254
28.050000190734863,28.07800006866455,0.0279998779296875
28.052000045776367,28.07800006866455,0.026000022888183594
28.055999994277954,28.080000162124634,0.024000167846679688
28.05900001525879,28.07800006866455,0.01900005340576172
28.100000143051147,28.125,0.02499985694885254
28.10199999809265,28.124000072479248,0.02200007438659668
28.106000185012817,28.124000072479248,0.017999887466430664
28.10800004005432,28.139000177383423,0.031000137329101562
28.151000022888184,28.177000045776367,0.026000022888183594
28.152000188827515,28.176000118255615,0.023999929428100586
28.1560001373291,28.177000045776367,0.020999908447265625
28.157999992370605,28.176000118255615,0.018000125885009766
28.200000047683716,28.223000049591064,0.023000001907348633
28.2020001411438,28.216000080108643,0.01399993896484375
28.205000162124634,28.216000080108643,0.010999917984008789
28.20800018310547,28.235000133514404,0.026999950408935547
28.25100016593933,28.276000022888184,0.02499985694885254
28.252000093460083,28.276000022888184,0.023999929428100586
28.255000114440918,28.276000022888184,0.020999908447265625
28.258000135421753,28.27999997138977,0.021999835968017578
28.301000118255615,28.31500005722046,0.01399993896484375
28.302000045776367,28.314000129699707,0.012000083923339844
28.305999994277954,28.323000192642212,0.017000198364257812
28.308000087738037,28.33400011062622,0.026000022888183594
28.350000143051147,28.379000186920166,0.029000043869018555
28.35199999809265,28.379000186920166,0.02700018882751465
28.355000019073486,28.380000114440918,0.02500009536743164
28.35800004005432,28.389000177383423,0.031000137329101562
28.401000022888184,28.414000034332275,0.013000011444091797
28.401000022888184,28.414000034332275,0.013000011444091797
28.40499997138977,28.42300009727478,0.018000125885009766
28.407999992370605,28.436000108718872,0.0280001163482666
28.450000047683716,28.496999979019165,0.04699993133544922
28.4520001411438,28.496999979019165,0.04499983787536621
28.456000089645386,28.496999979019165,0.0409998893737793
28.45900011062622,28.498000144958496,0.03900003433227539
28.5,28.51900005340576,0.01900005340576172
28.50100016593933,28.51900005340576,0.017999887466430664
28.505000114440918,28.52500009536743,0.019999980926513672
28.509000062942505,28.52500009536743,0.016000032424926758
28.550000190734863,28.581000089645386,0.03099989891052246
28.552000045776367,28.58400011062622,0.032000064849853516
28.555000066757202,28.58400011062622,0.029000043869018555
28.558000087738037,28.598000049591064,0.039999961853027344
28.6010000705719,28.62600016593933,0.02500009536743164
28.60199999809265,28.62600016593933,0.024000167846679688
28.606000185012817,28.62600016593933,0.019999980926513672
28.60800004005432,28.66100001335144,0.05299997329711914
28.65000009536743,28.66100001335144,0.010999917984008789
28.652000188827515,28.67799997329712,0.025999784469604492
28.6560001373291,28.683000087738037,0.026999950408935547
28.657999992370605,28.67799997329712,0.019999980926513672
28.700999975204468,28.71500015258789,0.014000177383422852
28.700999975204468,28.71500015258789,0.014000177383422852
28.706000089645386,28.73200011253357,0.026000022888183594
28.70800018310547,28.725000143051147,0.01699995994567871
28.75100016593933,28.778000116348267,0.026999950408935547
28.752000093460083,28.778000116348267,0.026000022888183594
28.75600004196167,28.778000116348267,0.02200007438659668
28.758000135421753,28.7810001373291,0.023000001907348633
28.801000118255615,28.838000059127808,0.03699994087219238
28.801000118255615,28.838000059127808,0.03699994087219238
28.805999994277954,28.838000059127808,0.032000064849853516
28.80900001525879,28.83899998664856,0.029999971389770508
28.8510000705719,28.880000114440918,0.029000043869018555
28.85199999809265,28.880000114440918,0.0280001163482666
28.856000185012817,28.889000177383423,0.03299999237060547
28.85800004005432,28.880000114440918,0.02200007438659668
28.901000022888184,28.91700005531311,0.016000032424926758
28.901000022888184,28.91700005531311,0.016000032424926758
28.9060001373291,28.933000087738037,0.026999950408935547
28.909000158309937,28.93400001525879,0.02499985694885254
28.950999975204468,28.975000143051147,0.024000167846679688
28.9520001411438,28.975000143051147,0.023000001907348633
28.956000089645386,28.975000143051147,0.01900005340576172
28.95900011062622,28.978000164031982,0.01900005340576172
29.00100016593933,29.021000146865845,0.019999980926513672
29.002000093460083,29.019999980926514,0.017999887466430664
29.00600004196167,29.03500008583069,0.029000043869018555
29.008000135421753,29.03600001335144,0.0279998779296875
29.050000190734863,29.070000171661377,0.019999980926513672
29.051000118255615,29.070000171661377,0.01900005340576172
29.055000066757202,29.070000171661377,0.015000104904174805
29.05900001525879,29.0770001411438,0.018000125885009766
29.1010000705719,29.115000009536743,0.01399993896484375
29.1010000705719,29.128000020980835,0.026999950408935547
29.105000019073486,29.128000020980835,0.023000001907348633
29.108999967575073,29.129000186920166,0.020000219345092773
29.151000022888184,29.18400001525879,0.03299999237060547
29.151000022888184,29.18400001525879,0.03299999237060547
29.15499997138977,29.18400001525879,0.029000043869018555
29.159000158309937,29.186000108718872,0.026999950408935547
29.200999975204468,29.22100019454956,0.020000219345092773
29.200999975204468,29.223000049591064,0.02200007438659668
29.205000162124634,29.223000049591064,0.017999887466430664
29.20900011062622,29.22699999809265,0.017999887466430664
29.25,29.28500008583069,0.03500008583068848
29.252000093460083,29.284000158309937,0.032000064849853516
29.255000114440918,29.284000158309937,0.029000043869018555
29.258000135421753,29.28500008583069,0.026999950408935547
29.301000118255615,29.317000150680542,0.016000032424926758
29.302000045776367,29.317000150680542,0.015000104904174805
29.305000066757202,29.317000150680542,0.012000083923339844
29.30900001525879,29.3270001411438,0.018000125885009766
29.3510000705719,29.365000009536743,0.01399993896484375
29.35199999809265,29.36400008201599,0.012000083923339844
29.356000185012817,29.379000186920166,0.023000001907348633
29.358999967575073,29.39300012588501,0.03400015830993652
29.401000022888184,29.462000131607056,0.06100010871887207
29.402000188827515,29.460999965667725,0.05899977684020996
29.40499997138977,29.46500015258789,0.06000018119812012
29.409000158309937,29.460999965667725,0.051999807357788086
29.450000047683716,29.473000049591064,0.023000001907348633
29.4520001411438,29.473000049591064,0.020999908447265625
29.456000089645386,29.473000049591064,0.01699995994567871
29.45900011062622,29.480000019073486,0.020999908447265625
29.50100016593933,29.528000116348267,0.026999950408935547
29.502000093460083,29.528000116348267,0.026000022888183594
29.50600004196167,29.52999997138977,0.023999929428100586
29.509000062942505,29.528000116348267,0.01900005340576172
29.551000118255615,29.570000171661377,0.01900005340576172
29.552000045776367,29.569000005722046,0.01699995994567871
29.555999994277954,29.569000005722046,0.013000011444091797
29.55900001525879,29.582000017166138,0.023000001907348633
29.6010000705719,29.630000114440918,0.029000043869018555
29.60199999809265,29.629000186920166,0.02700018882751465
29.606000185012817,29.633000135421753,0.026999950408935547
29.608999967575073,29.640000104904175,0.031000137329101562
29.651000022888184,29.674000024795532,0.023000001907348633
29.652000188827515,29.674000024795532,0.021999835968017578
29.6560001373291,29.692000150680542,0.03600001335144043
29.659000158309937,29.674000024795532,0.014999866485595703
29.700999975204468,29.718000173568726,0.017000198364257812
29.7020001411438,29.718000173568726,0.016000032424926758
29.705000162124634,29.723999977111816,0.018999814987182617
29.70900011062622,29.73800015449524,0.029000043869018555
29.75100016593933,29.766000032424927,0.014999866485595703
29.752000093460083,29.76900005340576,0.01699995994567871
29.75600004196167,29.76900005340576,0.013000011444091797
29.759000062942505,29.776000022888184,0.01699995994567871
29.800000190734863,29.825000047683716,0.02499985694885254
29.802000045776367,29.824000120162964,0.02200007438659668
29.805999994277954,29.825000047683716,0.01900005340576172
29.80900001525879,29.83400011062622,0.02500009536743164
29.850000143051147,29.871000051498413,0.020999908447265625
29.85199999809265,29.871000051498413,0.01900005340576172
29.856000185012817,29.881999969482422,0.025999784469604492
29.858999967575073,29.881999969482422,0.023000001907348633
29.90000009536743,29.920000076293945,0.019999980926513672
29.901000022888184,29.920000076293945,0.01900005340576172
29.9060001373291,29.927000045776367,0.020999908447265625
29.907999992370605,29.927000045776367,0.01900005340576172
29.950000047683716,29.96500015258789,0.015000104904174805
29.9520001411438,29.96500015258789,0.013000011444091797
29.956000089645386,29.97100019454956,0.015000104904174805
29.95900011062622,29.986999988555908,0.0279998779296875
30.0,30.026000022888184,0.026000022888183594
30.00100016593933,30.017000198364258,0.016000032424926758
30.00600004196167,30.026000022888184,0.019999980926513672
30.009000062942505,30.02900004386902,0.019999980926513672
30.051000118255615,30.068000078201294,0.01699995994567871
30.052000045776367,30.068000078201294,0.016000032424926758
30.055999994277954,30.085000038146973,0.029000043869018555
30.058000087738037,30.085000038146973,0.026999950408935547
30.1010000705719,30.12000012397766,0.01900005340576172
30.10199999809265,30.12000012397766,0.018000125885009766
30.105000019073486,30.128000020980835,0.023000001907348633
30.10800004005432,30.129000186920166,0.021000146865844727
30.15000009536743,30.180000066757202,0.029999971389770508
30.152000188827515,30.180999994277954,0.028999805450439453
30.15499997138977,30.180999994277954,0.026000022888183594
30.159000158309937,30.186000108718872,0.026999950408935547
30.200999975204468,30.218000173568726,0.017000198364257812
30.200999975204468,30.225000143051147,0.024000167846679688
30.205000162124634,30.225000143051147,0.019999980926513672
30.20800018310547,30.23200011253357,0.023999929428100586
30.25,30.267000198364258,0.017000198364257812
30.25100016593933,30.267000198364258,0.016000032424926758
30.25600004196167,30.282000064849854,0.026000022888183594
30.259000062942505,30.282000064849854,0.023000001907348633
30.301000118255615,30.312000036239624,0.010999917984008789
30.302000045776367,30.337000131607056,0.03500008583068848
30.305999994277954,30.337000131607056,0.031000137329101562
30.30900001525879,30.337000131607056,0.0280001163482666
30.3510000705719,30.36300015449524,0.012000083923339844
30.3510000705719,30.371000051498413,0.019999980926513672
30.356000185012817,30.371000051498413,0.014999866485595703
30.358999967575073,30.381999969482422,0.023000001907348633
30.401000022888184,30.41200017929077,0.01100015640258789
30.401000022888184,30.42200016975403,0.021000146865844727
30.4060001373291,30.42300009727478,0.01699995994567871
30.409000158309937,30.42200016975403,0.013000011444091797
30.450999975204468,30.47100019454956,0.020000219345092773
30.4520001411438,30.47100019454956,0.01900005340576172
30.455000162124634,30.47699999809265,0.021999835968017578
30.45900011062622,30.47100019454956,0.012000083923339844
30.50100016593933,30.526000022888184,0.02499985694885254
30.502000093460083,30.53500008583069,0.03299999237060547
30.505000114440918,30.54700016975403,0.04200005531311035
30.509000062942505,30.52500009536743,0.016000032424926758
30.551000118255615,30.57200002670288,0.020999908447265625
30.551000118255615,30.57200002670288,0.020999908447265625
30.555999994277954,30.580000162124634,0.024000167846679688
30.55900001525879,30.5770001411438,0.018000125885009766
30.6010000705719,30.62000012397766,0.01900005340576172
30.60199999809265,30.62000012397766,0.018000125885009766
30.606000185012817,30.62000012397766,0.01399993896484375
30.608999967575073,30.630000114440918,0.021000146865844727
30.65000009536743,30.680999994277954,0.03099989891052246
30.652000188827515,30.680999994277954,0.028999805450439453
30.6560001373291,30.680999994277954,0.02499985694885254
30.659000158309937,30.682000160217285,0.023000001907348633
30.700999975204468,30.735000133514404,0.03400015830993652
30.7020001411438,30.735000133514404,0.03299999237060547
30.706000089645386,30.73800015449524,0.032000064849853516
30.70900011062622,30.743000030517578,0.03399991989135742
30.75100016593933,30.764000177383423,0.013000011444091797
30.752000093460083,30.77400016784668,0.02200007438659668
30.755000114440918,30.77400016784668,0.01900005340576172
30.759000062942505,30.784000158309937,0.02500009536743164
30.801000118255615,30.811000108718872,0.009999990463256836
30.80299997329712,30.828999996185303,0.026000022888183594
30.805999994277954,30.831000089645386,0.02500009536743164
30.80900001525879,30.828999996185303,0.019999980926513672
30.8510000705719,30.877000093460083,0.026000022888183594
30.8510000705719,30.877000093460083,0.026000022888183594
30.856000185012817,30.877000093460083,0.020999908447265625
30.85800004005432,30.903000116348267,0.04500007629394531
30.901000022888184,30.925000190734863,0.024000167846679688
30.902000188827515,30.92300009727478,0.020999908447265625
30.9060001373291,30.925000190734863,0.01900005340576172
30.909000158309937,30.94700002670288,0.037999868392944336
30.950999975204468,30.975000143051147,0.024000167846679688
30.9520001411438,30.973999977111816,0.021999835968017578
30.956000089645386,30.980000019073486,0.023999929428100586
30.95800018310547,30.975000143051147,0.01699995994567871
31.0,31.022000074386597,0.02200007438659668
31.002000093460083,31.022000074386597,0.019999980926513672
31.00600004196167,31.022000074386597,0.016000032424926758
31.009000062942505,31.04100012779236,0.032000064849853516
31.051000118255615,31.06500005722046,0.01399993896484375
31.052000045776367,31.064000129699707,0.012000083923339844
31.055999994277954,31.074000120162964,0.018000125885009766
31.05900001525879,31.074000120162964,0.015000104904174805
31.100000143051147,31.125,0.02499985694885254
31.1010000705719,31.125,0.023999929428100586
31.105000019073486,31.125,0.019999980926513672
31.108999967575073,31.131999969482422,0.023000001907348633
31.15000009536743,31.18400001525879,0.03399991989135742
31.152000188827515,31.18400001525879,0.031999826431274414
31.1560001373291,31.18400001525879,0.0279998779296875
31.157999992370605,31.18500018119812,0.02700018882751465
31.200999975204468,31.216000080108643,0.015000104904174805
31.2020001411438,31.21500015258789,0.013000011444091797
31.205000162124634,31.22699999809265,0.021999835968017578
31.20900011062622,31.240000009536743,0.03099989891052246
31.25,31.278000116348267,0.0280001163482666
31.252000093460083,31.271000146865845,0.01900005340576172
31.255000114440918,31.27900004386902,0.023999929428100586
31.259000062942505,31.278000116348267,0.01900005340576172
31.301000118255615,31.330000162124634,0.029000043869018555
31.302000045776367,31.331000089645386,0.029000043869018555
31.305000066757202,31.331000089645386,0.026000022888183594
31.30900001525879,31.33400011062622,0.02500009536743164
31.3510000705719,31.37000012397766,0.01900005340576172
31.35199999809265,31.378000020980835,0.026000022888183594
31.356000185012817,31.378000020980835,0.021999835968017578
31.358999967575073,31.380000114440918,0.021000146865844727
31.401000022888184,31.421000003814697,0.019999980926513672
31.401000022888184,31.415000200271606,0.014000177383422852
31.4060001373291,31.421000003814697,0.014999866485595703
31.409000158309937,31.421000003814697,0.011999845504760742
31.450999975204468,31.462000131607056,0.01100015640258789
31.450999975204468,31.48300004005432,0.032000064849853516
31.456000089645386,31.48300004005432,0.026999950408935547
31.45900011062622,31.48300004005432,0.023999929428100586
31.5,31.514000177383423,0.014000177383422852
31.503000020980835,31.52500009536743,0.02200007438659668
31.50600004196167,31.52500009536743,0.01900005340576172
31.509000062942505,31.528000116348267,0.01900005340576172
31.550000190734863,31.574000120162964,0.023999929428100586
31.552000045776367,31.574000120162964,0.02200007438659668
31.555999994277954,31.574000120162964,0.018000125885009766
31.55900001525879,31.5770001411438,0.018000125885009766
31.600000143051147,31.629000186920166,0.029000043869018555
31.6010000705719,31.629000186920166,0.0280001163482666
31.606000185012817,31.63100004196167,0.02499985694885254
31.60800004005432,31.631999969482422,0.023999929428100586
31.651000022888184,31.670000076293945,0.01900005340576172
31.651000022888184,31.670000076293945,0.01900005340576172
31.6560001373291,31.670000076293945,0.01399993896484375
31.659000158309937,31.676000118255615,0.01699995994567871
31.700999975204468,31.719000101089478,0.018000125885009766
31.7020001411438,31.719000101089478,0.01699995994567871
31.706000089645386,31.7260000705719,0.019999980926513672
31.70900011062622,31.729000091552734,0.019999980926513672
31.75,31.819000005722046,0.0690000057220459
31.752000093460083,31.819000005722046,0.06699991226196289
31.75600004196167,31.823000192642212,0.06700015068054199
31.758000135421753,31.823000192642212,0.06500005722045898
31.801000118255615,31.8270001411438,0.026000022888183594
31.801000118255615,31.8270001411438,0.026000022888183594
31.805000066757202,31.855000019073486,0.04999995231628418
31.80900001525879,31.84500002861023,0.03600001335144043
31.8510000705719,31.915000200271606,0.06400012969970703
31.85199999809265,31.914000034332275,0.06200003623962402
31.856000185012817,31.921000003814697,0.06499981880187988
31.858999967575073,31.933000087738037,0.07400012016296387
31.901000022888184,31.921000003814697,0.019999980926513672
31.902000188827515,31.925000190734863,0.023000001907348633
31.9060001373291,31.925000190734863,0.01900005340576172
31.909000158309937,31.96399998664856,0.05499982833862305
31.950999975204468,32.0550000667572,0.10400009155273438
31.9520001411438,31.96399998664856,0.011999845504760742
31.956000089645386,31.973999977111816,0.017999887466430664
31.95900011062622,31.980000019073486,0.020999908447265625
32.0,32.144999980926514,0.14499998092651367
32.00200009346008,32.098999977111816,0.0969998836517334
32.00600004196167,32.098000049591064,0.09200000762939453
32.009000062942505,32.098000049591064,0.08899998664855957
32.051000118255615,32.14900016784668,0.09800004959106445
32.05200004577637,32.104000091552734,0.05200004577636719
32.055999994277954,32.144999980926514,0.08899998664855957
32.05800008773804,32.104000091552734,0.046000003814697266
32.10000014305115,32.17200016975403,0.07200002670288086
32.10199999809265,32.15000009536743,0.04800009727478027
32.105000019073486,32.15000009536743,0.04500007629394531
32.10899996757507,32.1560001373291,0.04700016975402832
32.151000022888184,32.194000005722046,0.042999982833862305
32.152000188827515,32.165000200271606,0.013000011444091797
32.1560001373291,32.194000005722046,0.037999868392944336
32.15900015830994,32.194000005722046,0.034999847412109375
32.20099997520447,32.26300001144409,0.06200003623962402
32.2020001411438,32.26200008392334,0.059999942779541016
32.206000089645386,32.26200008392334,0.0559999942779541
32.20900011062622,32.26200008392334,0.05299997329711914
32.25100016593933,32.28400015830994,0.03299999237060547
32.25200009346008,32.35700011253357,0.10500001907348633
32.25600004196167,32.277000188827515,0.021000146865844727
32.259000062942505,32.276000022888184,0.01699995994567871
32.30000019073486,32.38900017738342,0.08899998664855957
32.301000118255615,32.38100004196167,0.07999992370605469
32.3050000667572,32.38000011444092,0.07500004768371582
32.30900001525879,32.38000011444092,0.0710000991821289
32.3510000705719,32.38900017738342,0.03800010681152344
32.35199999809265,32.38900017738342,0.037000179290771484
32.35600018501282,32.390000104904175,0.03399991989135742
32.35899996757507,32.407999992370605,0.04900002479553223
32.401000022888184,32.4210000038147,0.019999980926513672
32.402000188827515,32.42200016975403,0.019999980926513672
32.4060001373291,32.42200016975403,0.016000032424926758
32.40900015830994,32.437000036239624,0.0279998779296875
32.450000047683716,32.46399998664856,0.01399993896484375
32.4520001411438,32.46300005912781,0.010999917984008789
32.456000089645386,32.47800016403198,0.02200007438659668
32.45800018310547,32.48100018501282,0.023000001907348633
32.5,32.51700019836426,0.017000198364257812
32.50200009346008,32.51700019836426,0.015000104904174805
32.50600004196167,32.52300000190735,0.01699995994567871
32.509000062942505,32.52300000190735,0.01399993896484375
32.55000019073486,32.60000014305115,0.04999995231628418
32.551000118255615,32.60000014305115,0.04900002479553223
32.5550000667572,32.60300016403198,0.04800009727478027
32.55900001525879,32.60000014305115,0.0410001277923584
32.6010000705719,32.621999979019165,0.020999908447265625
32.60300016403198,32.623000144958496,0.019999980926513672
32.60600018501282,32.63300013542175,0.026999950408935547
32.60899996757507,32.63300013542175,0.024000167846679688
32.651000022888184,32.66700005531311,0.016000032424926758
32.652000188827515,32.66700005531311,0.014999866485595703
32.6560001373291,32.68300008773804,0.026999950408935547
32.65900015830994,32.68300008773804,0.023999929428100586
32.700000047683716,32.7260000705719,0.026000022888183594
32.7020001411438,32.7260000705719,0.023999929428100586
32.706000089645386,32.72800016403198,0.02200007438659668
32.70900011062622,32.7260000705719,0.01699995994567871
32.75100016593933,32.76300001144409,0.011999845504760742
32.75200009346008,32.77300000190735,0.020999908447265625
32.75600004196167,32.77300000190735,0.01699995994567871
32.759000062942505,32.79400014877319,0.03500008583068848
32.801000118255615,32.81700015068054,0.016000032424926758
32.80299997329712,32.82200002670288,0.01900005340576172
32.805999994277954,32.82200002670288,0.016000032424926758
32.80900001525879,32.84600019454956,0.037000179290771484
32.85000014305115,32.87700009346008,0.026999950408935547
32.85199999809265,32.866000175476074,0.014000177383422852
32.855000019073486,32.87600016593933,0.021000146865844727
32.85800004005432,32.87600016593933,0.018000125885009766
32.90000009536743,32.91900014877319,0.01900005340576172
32.901000022888184,32.91900014877319,0.018000125885009766
32.90499997138977,32.91900014877319,0.014000177383422852
32.90900015830994,32.95300006866455,0.04399991035461426
32.95099997520447,32.96600008010864,0.015000104904174805
32.9520001411438,32.96600008010864,0.01399993896484375
32.955000162124634,32.97800016403198,0.023000001907348633
32.95900011062622,32.97800016403198,0.01900005340576172
33.0,33.02900004386902,0.029000043869018555
33.00200009346008,33.02900004386902,0.026999950408935547
33.00600004196167,33.03500008583069,0.029000043869018555
33.009000062942505,33.04299998283386,0.03399991989135742
33.05000019073486,33.06500005722046,0.014999866485595703
33.05200004577637,33.080000162124634,0.0280001163482666
33.055999994277954,33.080000162124634,0.024000167846679688
33.05800008773804,33.08200001716614,0.023999929428100586
33.1010000705719,33.11900019645691,0.018000125885009766
33.10199999809265,33.11900019645691,0.017000198364257812
33.10600018501282,33.11900019645691,0.013000011444091797
33.10899996757507,33.12700009346008,0.018000125885009766
33.151000022888184,33.17400002479553,0.023000001907348633
33.152000188827515,33.17400002479553,0.021999835968017578
33.15499997138977,33.17900013923645,0.024000167846679688
33.15900015830994,33.17400002479553,0.014999866485595703
33.20099997520447,33.217000007629395,0.016000032424926758
33.2020001411438,33.212000131607056,0.009999990463256836
33.206000089645386,33.235000133514404,0.029000043869018555
33.20800018310547,33.23100018501282,0.023000001907348633
33.25100016593933,33.271000146865845,0.019999980926513672
33.25200009346008,33.26600003242493,0.01399993896484375
33.25600004196167,33.271000146865845,0.015000104904174805
33.259000062942505,33.277000188827515,0.018000125885009766
33.301000118255615,33.33400011062622,0.03299999237060547
33.30200004577637,33.33400011062622,0.032000064849853516
33.305999994277954,33.33400011062622,0.0280001163482666
33.30900001525879,33.34100008010864,0.032000064849853516
33.35000014305115,33.379000186920166,0.029000043869018555
33.3510000705719,33.402000188827515,0.051000118255615234
33.35600018501282,33.379000186920166,0.023000001907348633
33.35899996757507,33.38800001144409,0.029000043869018555
33.40000009536743,33.414000034332275,0.01399993896484375
33.402000188827515,33.42400002479553,0.021999835968017578
33.4060001373291,33.42500019073486,0.01900005340576172
33.40900015830994,33.42500019073486,0.016000032424926758
33.450000047683716,33.479000091552734,0.029000043869018555
33.4520001411438,33.479000091552734,0.026999950408935547
33.455000162124634,33.479000091552734,0.023999929428100586
33.45800018310547,33.48399996757507,0.025999784469604492
33.50100016593933,33.51300001144409,0.011999845504760742
33.50200009346008,33.521000146865845,0.01900005340576172
33.50500011444092,33.521000146865845,0.016000032424926758
33.509000062942505,33.53700017929077,0.0280001163482666
33.551000118255615,33.563000202178955,0.012000083923339844
33.55200004577637,33.57000017166138,0.018000125885009766
33.555999994277954,33.569000005722046,0.013000011444091797
33.55800008773804,33.57800006866455,0.019999980926513672
33.60000014305115,33.617000102996826,0.01699995994567871
33.60199999809265,33.617000102996826,0.015000104904174805
33.60600018501282,33.63700008392334,0.03099989891052246
33.60899996757507,33.634000062942505,0.02500009536743164
33.651000022888184,33.6800000667572,0.029000043869018555
33.652000188827515,33.67900013923645,0.026999950408935547
33.6560001373291,33.68300008773804,0.026999950408935547
33.65900015830994,33.6800000667572,0.020999908447265625
33.700000047683716,33.712000131607056,0.012000083923339844
33.7020001411438,33.73200011253357,0.029999971389770508
33.706000089645386,33.73200011253357,0.026000022888183594
33.70900011062622,33.73200011253357,0.023000001907348633
33.75,33.77500009536743,0.02500009536743164
33.75200009346008,33.76300001144409,0.010999917984008789
33.75600004196167,33.77500009536743,0.01900005340576172
33.759000062942505,33.78500008583069,0.026000022888183594
33.801000118255615,33.812000036239624,0.010999917984008789
33.80200004577637,33.82300019264221,0.021000146865844727
33.805999994277954,33.8289999961853,0.023000001907348633
33.80900001525879,33.84000015258789,0.031000137329101562
33.8510000705719,33.86500000953674,0.01399993896484375
33.8510000705719,33.875,0.023999929428100586
33.85600018501282,33.87600016593933,0.019999980926513672
33.85899996757507,33.87600016593933,0.017000198364257812
33.901000022888184,33.926000118255615,0.02500009536743164
33.902000188827515,33.926000118255615,0.023999929428100586
33.9060001373291,33.926000118255615,0.019999980926513672
33.90900015830994,33.9300000667572,0.020999908447265625
33.95099997520447,33.968000173568726,0.017000198364257812
33.9520001411438,33.968000173568726,0.016000032424926758
33.956000089645386,33.968000173568726,0.012000083923339844
33.95900011062622,33.985000133514404,0.026000022888183594
34.00100016593933,34.02900004386902,0.0279998779296875
34.00100016593933,34.02900004386902,0.0279998779296875
34.00600004196167,34.03700017929077,0.031000137329101562
34.00800013542175,34.02900004386902,0.020999908447265625
34.051000118255615,34.074000120162964,0.023000001907348633
34.05200004577637,34.074000120162964,0.02200007438659668
34.055999994277954,34.074000120162964,0.018000125885009766
34.05900001525879,34.07599997520447,0.01699995994567871
34.1010000705719,34.111000061035156,0.009999990463256836
34.10199999809265,34.12700009346008,0.02500009536743164
34.105000019073486,34.12700009346008,0.02200007438659668
34.10899996757507,34.13000011444092,0.021000146865844727
34.151000022888184,34.1710000038147,0.019999980926513672
34.152000188827515,34.1710000038147,0.018999814987182617
34.1560001373291,34.1710000038147,0.014999866485595703
34.157999992370605,34.17900013923645,0.021000146865844727
34.20099997520447,34.217000007629395,0.016000032424926758
34.2020001411438,34.217000007629395,0.014999866485595703
34.206000089645386,34.24400019645691,0.03800010681152344
34.20900011062622,34.241000175476074,0.032000064849853516
34.25100016593933,34.26700019836426,0.016000032424926758
34.25200009346008,34.26700019836426,0.015000104904174805
34.25600004196167,34.27500009536743,0.01900005340576172
34.259000062942505,34.29700016975403,0.03800010681152344
34.301000118255615,34.31500005722046,0.01399993896484375
34.30200004577637,34.32200002670288,0.019999980926513672
34.305999994277954,34.32100009918213,0.015000104904174805
34.30900001525879,34.3289999961853,0.019999980926513672
34.3510000705719,34.37000012397766,0.01900005340576172
34.35199999809265,34.37000012397766,0.018000125885009766
34.35600018501282,34.37000012397766,0.01399993896484375
34.35899996757507,34.379000186920166,0.020000219345092773
34.401000022888184,34.44200015068054,0.0410001277923584
34.401000022888184,34.44200015068054,0.0410001277923584
34.4060001373291,34.443000078201294,0.03699994087219238
34.407999992370605,34.44700002670288,0.03900003433227539
34.450000047683716,34.47699999809265,0.026999950408935547
34.4520001411438,34.46500015258789,0.013000011444091797
34.456000089645386,34.47699999809265,0.020999908447265625
34.45800018310547,34.48100018501282,0.023000001907348633
34.50100016593933,34.52999997138977,0.028999805450439453
34.50200009346008,34.52800011634827,0.026000022888183594
34.50600004196167,34.5310001373291,0.02500009536743164
34.509000062942505,34.5310001373291,0.02200007438659668
34.551000118255615,34.575000047683716,0.023999929428100586
34.55200004577637,34.5789999961853,0.026999950408935547
34.5550000667572,34.575000047683716,0.019999980926513672
34.55800008773804,34.575000047683716,0.01699995994567871
34.60000014305115,34.623000144958496,0.023000001907348633
34.60199999809265,34.623000144958496,0.021000146865844727
34.60600018501282,34.63000011444092,0.023999929428100586
34.60800004005432,34.623000144958496,0.015000104904174805
34.65000009536743,34.676000118255615,0.026000022888183594
34.652000188827515,34.676000118255615,0.023999929428100586
34.6560001373291,34.676000118255615,0.019999980926513672
34.65900015830994,34.67799997329712,0.018999814987182617
34.70099997520447,34.71900010108948,0.018000125885009766
34.7020001411438,34.71900010108948,0.01699995994567871
34.705000162124634,34.71900010108948,0.01399993896484375
34.70900011062622,34.72800016403198,0.01900005340576172
34.75,34.7810001373291,0.031000137329101562
34.75200009346008,34.7810001373291,0.029000043869018555
34.75600004196167,34.78400015830994,0.0280001163482666
34.759000062942505,34.7810001373291,0.02200007438659668
34.801000118255615,34.82200002670288,0.020999908447265625
34.80200004577637,34.84100008010864,0.03900003433227539
34.805999994277954,34.82100009918213,0.015000104904174805
34.80900001525879,34.82800006866455,0.01900005340576172
34.8510000705719,34.86800003051758,0.01699995994567871
34.85199999809265,34.86800003051758,0.016000032424926758
34.85600018501282,34.86800003051758,0.011999845504760742
34.85899996757507,34.88100004196167,0.02200007438659668
34.90000009536743,34.92300009727478,0.023000001907348633
34.902000188827515,34.92300009727478,0.020999908447265625
34.9060001373291,34.92300009727478,0.01699995994567871
34.907999992370605,34.93400001525879,0.026000022888183594
34.950000047683716,34.962000131607056,0.012000083923339844
34.95300006866455,34.96900010108948,0.016000032424926758
34.956000089645386,34.96900010108948,0.013000011444091797
34.95900011062622,34.98200011253357,0.023000001907348633
35.00100016593933,35.015000104904175,0.01399993896484375
35.00200009346008,35.026000022888184,0.023999929428100586
35.00600004196167,35.04299998283386,0.03699994087219238
35.00800013542175,35.026000022888184,0.017999887466430664
35.051000118255615,35.08899998664856,0.037999868392944336
35.05200004577637,35.09100008010864,0.03900003433227539
35.055999994277954,35.09400010108948,0.03800010681152344
35.05900001525879,35.092000007629395,0.03299999237060547
35.10000014305115,35.11900019645691,0.01900005340576172
35.10199999809265,35.125,0.023000001907348633
35.10600018501282,35.11800003051758,0.011999845504760742
35.10899996757507,35.14400005340576,0.03500008583068848
35.151000022888184,35.16300010681152,0.012000083923339844
35.15300011634827,35.16900014877319,0.016000032424926758
35.15499997138977,35.16900014877319,0.014000177383422852
35.157999992370605,35.17900013923645,0.021000146865844727
35.20099997520447,35.22699999809265,0.026000022888183594
35.2020001411438,35.2260000705719,0.023999929428100586
35.205000162124634,35.22699999809265,0.021999835968017578
35.20900011062622,35.23900008201599,0.029999971389770508
35.25100016593933,35.26900005340576,0.017999887466430664
35.253000020980835,35.26900005340576,0.016000032424926758
35.25600004196167,35.27900004386902,0.023000001907348633
35.259000062942505,35.29200005531311,0.03299999237060547
35.301000118255615,35.31700015068054,0.016000032424926758
35.30200004577637,35.32300019264221,0.021000146865844727
35.305999994277954,35.32300019264221,0.017000198364257812
35.30800008773804,35.330000162124634,0.02200007438659668
35.3510000705719,35.38100004196167,0.029999971389770508
35.35199999809265,35.36500000953674,0.013000011444091797
35.35600018501282,35.38100004196167,0.02499985694885254
35.35899996757507,35.38100004196167,0.02200007438659668
35.401000022888184,35.42200016975403,0.021000146865844727
35.402000188827515,35.42200016975403,0.019999980926513672
35.4060001373291,35.42200016975403,0.016000032424926758
35.40900015830994,35.42799997329712,0.018999814987182617
35.450000047683716,35.473000049591064,0.023000001907348633
35.4520001411438,35.473000049591064,0.020999908447265625
35.455000162124634,35.473000049591064,0.017999887466430664
35.45900011062622,35.473999977111816,0.014999866485595703
35.50100016593933,35.53200006484985,0.03099989891052246
35.50200009346008,35.532999992370605,0.03099989891052246
35.50600004196167,35.53200006484985,0.026000022888183594
35.509000062942505,35.53400015830994,0.02500009536743164
35.551000118255615,35.56599998474121,0.014999866485595703
35.55299997329712,35.57599997520447,0.023000001907348633
35.555999994277954,35.57599997520447,0.019999980926513672
35.55900001525879,35.5789999961853,0.019999980926513672
35.6010000705719,35.61500000953674,0.01399993896484375
35.60300016403198,35.625,0.021999835968017578
35.60600018501282,35.625,0.018999814987182617
35.60899996757507,35.65400004386902,0.04500007629394531
35.651000022888184,35.67900013923645,0.0280001163482666
35.652000188827515,35.68500018119812,0.03299999237060547
35.6560001373291,35.67900013923645,0.023000001907348633
35.65900015830994,35.68500018119812,0.026000022888183594
35.700000047683716,35.72100019454956,0.021000146865844727
35.7020001411438,35.72100019454956,0.01900005340576172
35.706000089645386,35.72100019454956,0.015000104904174805
35.70800018310547,35.73699998855591,0.028999805450439453
35.75100016593933,35.771000146865845,0.019999980926513672
35.75200009346008,35.769999980926514,0.017999887466430664
35.75600004196167,35.769999980926514,0.01399993896484375
35.759000062942505,35.78200006484985,0.023000001907348633
35.801000118255615,35.830000162124634,0.029000043869018555
35.80200004577637,35.830000162124634,0.0280001163482666
35.805999994277954,35.83200001716614,0.026000022888183594
35.80900001525879,35.830000162124634,0.021000146865844727
35.8510000705719,35.87400007247925,0.023000001907348633
35.85199999809265,35.873000144958496,0.021000146865844727
35.85600018501282,35.87600016593933,0.019999980926513672
35.85899996757507,35.873000144958496,0.014000177383422852
35.901000022888184,35.93300008773804,0.032000064849853516
35.902000188827515,35.93300008773804,0.03099989891052246
35.9060001373291,35.932000160217285,0.026000022888183594
35.90900015830994,35.93500018119812,0.026000022888183594
35.950000047683716,35.973000049591064,0.023000001907348633
35.9520001411438,35.973000049591064,0.020999908447265625
35.956000089645386,35.979000091552734,0.023000001907348633
35.95800018310547,35.973000049591064,0.014999866485595703
36.00100016593933,36.0310001373291,0.029999971389770508
36.00200009346008,36.02999997138977,0.0279998779296875
36.00500011444092,36.03400015830994,0.029000043869018555
36.009000062942505,36.040000200271606,0.031000137329101562
36.051000118255615,36.09700012207031,0.046000003814697266
36.05200004577637,36.09700012207031,0.04500007629394531
36.0550000667572,36.09700012207031,0.04200005531311035
36.05900001525879,36.09700012207031,0.03800010681152344
36.10000014305115,36.11400008201599,0.01399993896484375
36.10199999809265,36.11400008201599,0.012000083923339844
36.10600018501282,36.12100005149841,0.014999866485595703
36.10899996757507,36.13700008392334,0.0280001163482666
36.151000022888184,36.17700004577637,0.026000022888183594
36.152000188827515,36.17700004577637,0.02499985694885254
36.1560001373291,36.17900013923645,0.023000001907348633
36.15900015830994,36.18500018119812,0.026000022888183594
36.200000047683716,36.21000003814697,0.009999990463256836
36.2020001411438,36.223000049591064,0.020999908447265625
36.206000089645386,36.223000049591064,0.01699995994567871
36.20900011062622,36.22500014305115,0.016000032424926758
36.25100016593933,36.27300000190735,0.021999835968017578
36.25200009346008,36.2720000743866,0.019999980926513672
36.25500011444092,36.2720000743866,0.01699995994567871
36.259000062942505,36.27400016784668,0.015000104904174805
36.301000118255615,36.3270001411438,0.026000022888183594
36.30200004577637,36.3270001411438,0.02500009536743164
36.305999994277954,36.3270001411438,0.021000146865844727
36.30900001525879,36.32800006866455,0.01900005340576172
36.3510000705719,36.37100005149841,0.019999980926513672
36.35300016403198,36.37000012397766,0.01699995994567871
36.35600018501282,36.371999979019165,0.015999794006347656
36.35899996757507,36.396000146865845,0.037000179290771484
36.401000022888184,36.430999994277954,0.029999971389770508
36.402000188827515,36.42700004577637,0.02499985694885254
36.4060001373291,36.430999994277954,0.02499985694885254
36.40900015830994,36.432000160217285,0.023000001907348633
36.45099997520447,36.47800016403198,0.02700018882751465
36.4520001411438,36.47800016403198,0.026000022888183594
36.456000089645386,36.47800016403198,0.02200007438659668
36.45900011062622,36.480000019073486,0.020999908447265625
36.5,36.515000104904175,0.015000104904174805
36.50200009346008,36.515000104904175,0.013000011444091797
36.50600004196167,36.54200005531311,0.03600001335144043
36.50800013542175,36.526000022888184,0.017999887466430664
36.551000118255615,36.5770001411438,0.026000022888183594
36.55200004577637,36.57599997520447,0.023999929428100586
36.5550000667572,36.5770001411438,0.02200007438659668
36.55900001525879,36.57599997520447,0.01699995994567871
36.60000014305115,36.623000144958496,0.023000001907348633
36.60199999809265,36.621999979019165,0.019999980926513672
36.60600018501282,36.621999979019165,0.015999794006347656
36.60800004005432,36.63000011444092,0.02200007438659668
36.651000022888184,36.68300008773804,0.032000064849853516
36.652000188827515,36.66300010681152,0.010999917984008789
36.65499997138977,36.68300008773804,0.0280001163482666
36.65900015830994,36.68600010871887,0.026999950408935547
36.700000047683716,36.72200012207031,0.02200007438659668
36.70300006866455,36.71900010108948,0.016000032424926758
36.706000089645386,36.72200012207031,0.016000032424926758
36.70900011062622,36.736000061035156,0.026999950408935547
36.75,36.7720000743866,0.02200007438659668
36.75200009346008,36.7720000743866,0.019999980926513672
36.75600004196167,36.777000188827515,0.021000146865844727
36.759000062942505,36.782999992370605,0.023999929428100586
36.801000118255615,36.82100009918213,0.019999980926513672
36.80200004577637,36.82100009918213,0.01900005340576172
36.805999994277954,36.82100009918213,0.015000104904174805
36.81000018119812,36.842000007629395,0.031999826431274414
36.8510000705719,36.86800003051758,0.01699995994567871
36.85199999809265,36.86900019645691,0.017000198364257812
36.85600018501282,36.86900019645691,0.013000011444091797
36.85899996757507,36.878000020980835,0.01900005340576172
36.901000022888184,36.92400002479553,0.023000001907348633
36.902000188827515,36.92300009727478,0.020999908447265625
36.90499997138977,36.92700004577637,0.02200007438659668
36.90900015830994,36.94000005722046,0.03099989891052246
36.95099997520447,36.97699999809265,0.026000022888183594
36.95300006866455,36.97699999809265,0.023999929428100586
36.956000089645386,36.97699999809265,0.020999908447265625
36.95900011062622,36.98300004005432,0.023999929428100586
37.0,37.0310001373291,0.031000137329101562
37.003000020980835,37.0310001373291,0.0280001163482666
37.00600004196167,37.04400014877319,0.03800010681152344
37.009000062942505,37.0310001373291,0.02200007438659668
37.05000019073486,37.06400012969971,0.01399993896484375
37.05200004577637,37.07800006866455,0.026000022888183594
37.055999994277954,37.07800006866455,0.02200007438659668
37.05900001525879,37.10000014305115,0.0410001277923584
37.10000014305115,37.128000020980835,0.0279998779296875
37.10199999809265,37.11300015449524,0.01100015640258789
37.10600018501282,37.128000020980835,0.021999835968017578
37.10800004005432,37.14100003242493,0.03299999237060547
37.151000022888184,37.17400002479553,0.023000001907348633
37.152000188827515,37.17400002479553,0.021999835968017578
37.1560001373291,37.17300009727478,0.01699995994567871
37.15900015830994,37.17799997329712,0.018999814987182617
37.20099997520447,37.22699999809265,0.026000022888183594
37.2020001411438,37.22699999809265,0.02499985694885254
37.205000162124634,37.22699999809265,0.021999835968017578
37.20900011062622,37.23200011253357,0.023000001907348633
37.25100016593933,37.28500008583069,0.03399991989135742
37.253000020980835,37.265000104904175,0.012000083923339844
37.25600004196167,37.28400015830994,0.0280001163482666
37.259000062942505,37.289000034332275,0.029999971389770508
37.301000118255615,37.32599997520447,0.02499985694885254
37.30200004577637,37.32000017166138,0.018000125885009766
37.305999994277954,37.3289999961853,0.023000001907348633
37.30900001525879,37.32599997520447,0.01699995994567871
37.3510000705719,37.371999979019165,0.020999908447265625
37.35199999809265,37.373000144958496,0.021000146865844727
37.35600018501282,37.373000144958496,0.01699995994567871
37.35899996757507,37.37700009346008,0.018000125885009766
37.401000022888184,37.43300008773804,0.032000064849853516
37.401000022888184,37.43300008773804,0.032000064849853516
37.4060001373291,37.43300008773804,0.026999950408935547
37.40900015830994,37.43300008773804,0.023999929428100586
37.45099997520447,37.48200011253357,0.031000137329101562
37.4520001411438,37.48100018501282,0.029000043869018555
37.456000089645386,37.48100018501282,0.02500009536743164
37.45900011062622,37.485000133514404,0.026000022888183594
37.50100016593933,37.521000146865845,0.019999980926513672
37.50200009346008,37.51600003242493,0.01399993896484375
37.50600004196167,37.519999980926514,0.01399993896484375
37.50800013542175,37.52900004386902,0.020999908447265625
37.551000118255615,37.56400012969971,0.013000011444091797
37.55200004577637,37.57800006866455,0.026000022888183594
37.555999994277954,37.57800006866455,0.02200007438659668
37.55800008773804,37.58899998664856,0.03099989891052246
37.6010000705719,37.628000020980835,0.026999950408935547
37.60199999809265,37.628000020980835,0.026000022888183594
37.60600018501282,37.62700009346008,0.020999908447265625
37.60899996757507,37.629000186920166,0.020000219345092773
37.651000022888184,37.676000118255615,0.02500009536743164
37.652000188827515,37.676000118255615,0.023999929428100586
37.6560001373291,37.68900012969971,0.03299999237060547
37.65900015830994,37.676000118255615,0.01699995994567871
37.70099997520447,37.729000091552734,0.0280001163482666
37.7020001411438,37.729000091552734,0.026999950408935547
37.706000089645386,37.73200011253357,0.026000022888183594
37.70900011062622,37.729000091552734,0.019999980926513672
37.75100016593933,38.15900015830994,0.40799999237060547
37.75200009346008,38.60700011253357,0.8550000190734863
37.75500011444092,38.15900015830994,0.40400004386901855
37.759000062942505,38.15900015830994,0.40000009536743164
37.801000118255615,38.70099997520447,0.8999998569488525
37.80200004577637,38.60700011253357,0.8050000667572021
37.805999994277954,38.705000162124634,0.8990001678466797
37.80900001525879,38.70099997520447,0.8919999599456787
37.8510000705719,38.700000047683716,0.8489999771118164
37.85199999809265,38.74400019645691,0.8920001983642578
37.85600018501282,38.705000162124634,0.8489999771118164
37.85899996757507,38.70099997520447,0.8420000076293945
37.901000022888184,38.700000047683716,0.7990000247955322
37.902000188827515,38.74400019645691,0.8420000076293945
37.9060001373291,38.705000162124634,0.7990000247955322
37.90900015830994,38.70099997520447,0.7919998168945312
37.950000047683716,38.700000047683716,0.75
37.9520001411438,38.74400019645691,0.7920000553131104
37.956000089645386,38.705000162124634,0.749000072479248
37.95900011062622,38.70099997520447,0.7419998645782471
38.0,38.700000047683716,0.7000000476837158
38.00200009346008,38.74400019645691,0.7420001029968262
38.00500011444092,38.705000162124634,0.7000000476837158
38.009000062942505,38.700000047683716,0.6909999847412109
38.05000019073486,38.699000120162964,0.6489999294281006
38.05200004577637,38.74300003051758,0.6909999847412109
38.057000160217285,38.705000162124634,0.6480000019073486
38.05900001525879,38.700000047683716,0.6410000324249268
38.1010000705719,38.699000120162964,0.5980000495910645
38.10199999809265,38.74300003051758,0.6410000324249268
38.10600018501282,38.705000162124634,0.5989999771118164
38.10899996757507,38.700000047683716,0.5910000801086426
38.151000022888184,38.69800019264221,0.5470001697540283
38.152000188827515,38.74300003051758,0.5909998416900635
38.15499997138977,38.705000162124634,0.5500001907348633
38.15900015830994,38.699000120162964,0.5399999618530273
38.20099997520447,38.69800019264221,0.49700021743774414
38.205000162124634,38.742000102996826,0.5369999408721924
38.20900011062622,38.74500012397766,0.5360000133514404
38.25100016593933,38.80000019073486,0.5490000247955322
38.25600004196167,38.742000102996826,0.48600006103515625
38.259000062942505,38.74500012397766,0.48600006103515625
38.29400014877319,38.74300003051758,0.44899988174438477
38.305999994277954,38.742000102996826,0.43600010871887207
38.31000018119812,38.74400019645691,0.43400001525878906
38.35600018501282,38.742000102996826,0.3859999179840088
38.35899996757507,38.74400019645691,0.38500022888183594
38.38100004196167,38.74300003051758,0.3619999885559082
38.4060001373291,38.742000102996826,0.3359999656677246
38.40900015830994,38.74400019645691,0.33500003814697266
38.432000160217285,38.74300003051758,0.31099987030029297
38.444000005722046,38.80000019073486,0.3560001850128174
38.450000047683716,38.79800009727478,0.34800004959106445
38.456000089645386,38.742000102996826,0.28600001335144043
38.45900011062622,38.74400019645691,0.2850000858306885
38.47100019454956,38.801000118255615,0.3299999237060547
38.4760000705719,38.801000118255615,0.3250000476837158
38.50200009346008,38.801000118255615,0.2990000247955322
38.50600004196167,38.742000102996826,0.23600006103515625
38.50699996948242,38.80000019073486,0.2930002212524414
38.509000062942505,38.74400019645691,0.2350001335144043
38.532999992370605,38.80299997329712,0.26999998092651367
38.54700016975403,38.80299997329712,0.2559998035430908
38.55200004577637,38.80000019073486,0.2480001449584961
38.555999994277954,38.742000102996826,0.18600010871887207
38.55900001525879,38.74300003051758,0.18400001525878906
38.57800006866455,38.80299997329712,0.22499990463256836
38.6010000705719,38.80000019073486,0.19900012016296387
38.60600018501282,38.80000019073486,0.1940000057220459
38.60700011253357,38.80299997329712,0.1959998607635498
38.60899996757507,38.79800009727478,0.18900012969970703
38.628000020980835,38.80299997329712,0.17499995231628418
38.651000022888184,38.80299997329712,0.15199995040893555
38.652000188827515,38.92900013923645,0.27699995040893555
38.6560001373291,38.80000019073486,0.14400005340576172
38.65900015830994,38.80400013923645,0.14499998092651367
38.700000047683716,38.80299997329712,0.10299992561340332
38.7020001411438,38.92900013923645,0.22699999809265137
38.706000089645386,38.92799997329712,0.2219998836517334
38.70900011062622,38.92799997329712,0.21899986267089844
38.75100016593933,39.05800008773804,0.30699992179870605
38.75200009346008,38.92799997329712,0.17599987983703613
38.75500011444092,38.92799997329712,0.17299985885620117
38.759000062942505,38.92799997329712,0.16899991035461426
38.80000019073486,39.05800008773804,0.25799989700317383
38.80200004577637,38.93600010871887,0.13400006294250488
38.8050000667572,38.93600010871887,0.13100004196166992
38.80900001525879,39.06000018119812,0.25100016593933105
38.8510000705719,39.05800008773804,0.2070000171661377
38.85199999809265,39.05900001525879,0.2070000171661377
38.85600018501282,39.06000018119812,0.20399999618530273
38.85899996757507,39.06000018119812,0.20100021362304688
38.901000022888184,39.05800008773804,0.15700006484985352
38.901000022888184,39.06000018119812,0.15900015830993652
38.90700006484985,39.06000018119812,0.1530001163482666
38.90900015830994,39.42900013923645,0.5199999809265137
38.95099997520447,39.4300000667572,0.4790000915527344
38.9520001411438,39.42799997329712,0.4759998321533203
38.956000089645386,39.437000036239624,0.4809999465942383
38.95900011062622,39.42900013923645,0.4700000286102295
39.00100016593933,39.4300000667572,0.4289999008178711
39.00200009346008,39.42799997329712,0.42599987983703613
39.00699996948242,39.43600010871887,0.4290001392364502
39.009000062942505,39.42900013923645,0.4200000762939453
39.051000118255615,39.430999994277954,0.37999987602233887
39.05200004577637,39.430999994277954,0.3789999485015869
39.055999994277954,39.43600010871887,0.38000011444091797
39.06000018119812,39.430999994277954,0.370999813079834
39.1010000705719,39.43600010871887,0.33500003814697266
39.10199999809265,39.43500018119812,0.33300018310546875
39.10600018501282,39.43600010871887,0.3299999237060547
39.110000133514404,39.43500018119812,0.3250000476837158
39.151000022888184,39.54900002479553,0.39800000190734863
39.152000188827515,39.54800009727478,0.3959999084472656
39.1560001373291,39.43600010871887,0.2799999713897705
39.16000008583069,39.54900002479553,0.38899993896484375
39.20099997520447,39.54800009727478,0.3470001220703125
39.20300006866455,39.54800009727478,0.3450000286102295
39.205000162124634,39.43600010871887,0.23099994659423828
39.20900011062622,39.54800009727478,0.33899998664855957
39.25100016593933,39.551000118255615,0.2999999523162842
39.253000020980835,39.54800009727478,0.2950000762939453
39.25600004196167,39.43600010871887,0.18000006675720215
39.259000062942505,39.54800009727478,0.2890000343322754
39.30000019073486,39.551000118255615,0.25099992752075195
39.30299997329712,39.54700016975403,0.24400019645690918
39.305999994277954,39.43600010871887,0.13000011444091797
39.30900001525879,39.54800009727478,0.2390000820159912
39.3510000705719,39.55200004577637,0.20099997520446777
39.35199999809265,39.54700016975403,0.19500017166137695
39.35700011253357,39.43600010871887,0.07899999618530273
39.35899996757507,39.54800009727478,0.18900012969970703
39.401000022888184,39.563000202178955,0.16200017929077148
39.402000188827515,39.551000118255615,0.14899992942810059
39.4060001373291,39.43600010871887,0.029999971389770508
39.40900015830994,39.54700016975403,0.1380000114440918
39.45099997520447,39.563000202178955,0.1120002269744873
39.4520001411438,39.562000036239624,0.1099998950958252
39.456000089645386,39.55200004577637,0.09599995613098145
39.45900011062622,39.563000202178955,0.10400009155273438
39.50100016593933,39.563000202178955,0.06200003623962402
39.50200009346008,39.562000036239624,0.059999942779541016
39.50600004196167,39.55200004577637,0.046000003814697266
39.509000062942505,39.563000202178955,0.054000139236450195
39.55200004577637,39.69200015068054,0.1400001049041748
39.555999994277954,39.688000202178955,0.13200020790100098
39.55900001525879,39.688000202178955,0.12900018692016602
39.60199999809265,39.693000078201294,0.09100008010864258
39.60600018501282,39.688000202178955,0.0820000171661377
39.60899996757507,39.688000202178955,0.07900023460388184
39.652000188827515,39.694000005722046,0.04199981689453125
39.6560001373291,39.69099998474121,0.034999847412109375
39.65900015830994,39.69200015068054,0.03299999237060547
